<net.rptools.maptool.util.PersistenceUtil_-PersistedMap>
  <zone>
    <creationTime>1567390538323</creationTime>
    <id>
      <baGUID>ww4xef9PTIm+XCFKFcGetg==</baGUID>
    </id>
    <grid class="net.rptools.maptool.model.SquareGrid">
      <offsetX>0</offsetX>
      <offsetY>0</offsetY>
      <size>50</size>
      <zone reference="../.."/>
      <cellShape>
        <curves>
          <sun.awt.geom.Order0>
            <direction>1</direction>
            <x>0.0</x>
            <y>0.0</y>
          </sun.awt.geom.Order0>
          <sun.awt.geom.Order1>
            <direction>1</direction>
            <x0>0.0</x0>
            <y0>0.0</y0>
            <x1>0.0</x1>
            <y1>50.0</y1>
            <xmin>0.0</xmin>
            <xmax>0.0</xmax>
          </sun.awt.geom.Order1>
          <sun.awt.geom.Order1>
            <direction>-1</direction>
            <x0>50.0</x0>
            <y0>0.0</y0>
            <x1>50.0</x1>
            <y1>50.0</y1>
            <xmin>50.0</xmin>
            <xmax>50.0</xmax>
          </sun.awt.geom.Order1>
        </curves>
      </cellShape>
    </grid>
    <gridColor>-16777216</gridColor>
    <imageScaleX>1.0</imageScaleX>
    <imageScaleY>1.0</imageScaleY>
    <tokenVisionDistance>1000</tokenVisionDistance>
    <unitsPerCell>5.0</unitsPerCell>
    <drawables class="linked-list"/>
    <gmDrawables class="linked-list"/>
    <objectDrawables class="linked-list"/>
    <backgroundDrawables class="linked-list"/>
    <labels class="linked-hash-map"/>
    <tokenMap/>
    <exposedAreaMeta/>
    <tokenOrderedList class="linked-list"/>
    <initiativeList>
      <tokens/>
      <current>-1</current>
      <round>-1</round>
      <zoneId reference="../../id"/>
      <fullUpdate>false</fullUpdate>
      <hideNPC>false</hideNPC>
    </initiativeList>
    <exposedArea>
      <curves/>
    </exposedArea>
    <hasFog>false</hasFog>
    <fogPaint class="net.rptools.maptool.model.drawing.DrawableColorPaint">
      <color>-16777216</color>
    </fogPaint>
    <topology>
    <curves>
    
    <sun.awt.geom.Order0>
      <direction>1</direction>
      <x>1</x>
      <y>1</y>
    </sun.awt.geom.Order0>
    <sun.awt.geom.Order1>
      <direction>1</direction>
      <x0>1</x0>
      <y0>1</y0>
      <x1>1</x1>
      <y1>51</y1>
      <xmin>1</xmin>
      <xmax>1</xmax>
    </sun.awt.geom.Order1>
    <sun.awt.geom.Order1>
      <direction>-1</direction>
      <x0>51</x0>
      <y0>1</y0>
      <x1>51</x1>
      <y1>51</y1>
      <xmin>51</xmin>
      <xmax>51</xmax>
    </sun.awt.geom.Order1>
    
    <sun.awt.geom.Order0>
      <direction>1</direction>
      <x>81</x>
      <y>1</y>
    </sun.awt.geom.Order0>
    <sun.awt.geom.Order1>
      <direction>1</direction>
      <x0>81</x0>
      <y0>1</y0>
      <x1>81</x1>
      <y1>11</y1>
      <xmin>81</xmin>
      <xmax>81</xmax>
    </sun.awt.geom.Order1>
    <sun.awt.geom.Order1>
      <direction>-1</direction>
      <x0>91</x0>
      <y0>1</y0>
      <x1>91</x1>
      <y1>11</y1>
      <xmin>91</xmin>
      <xmax>91</xmax>
    </sun.awt.geom.Order1>
    
    <sun.awt.geom.Order0>
      <direction>1</direction>
      <x>91</x>
      <y>1</y>
    </sun.awt.geom.Order0>
    <sun.awt.geom.Order1>
      <direction>1</direction>
      <x0>91</x0>
      <y0>1</y0>
      <x1>91</x1>
      <y1>11</y1>
      <xmin>91</xmin>
      <xmax>91</xmax>
    </sun.awt.geom.Order1>
    <sun.awt.geom.Order1>
      <direction>-1</direction>
      <x0>101</x0>
      <y0>1</y0>
      <x1>101</x1>
      <y1>11</y1>
      <xmin>101</xmin>
      <xmax>101</xmax>
    </sun.awt.geom.Order1>
    
    <sun.awt.geom.Order0>
      <direction>1</direction>
      <x>101</x>
      <y>1</y>
    </sun.awt.geom.Order0>
    <sun.awt.geom.Order1>
      <direction>1</direction>
      <x0>101</x0>
      <y0>1</y0>
      <x1>101</x1>
      <y1>11</y1>
      <xmin>101</xmin>
      <xmax>101</xmax>
    </sun.awt.geom.Order1>
    <sun.awt.geom.Order1>
      <direction>-1</direction>
      <x0>111</x0>
      <y0>1</y0>
      <x1>111</x1>
      <y1>11</y1>
      <xmin>111</xmin>
      <xmax>111</xmax>
    </sun.awt.geom.Order1>
    
    <sun.awt.geom.Order0>
      <direction>1</direction>
      <x>111</x>
      <y>1</y>
    </sun.awt.geom.Order0>
    <sun.awt.geom.Order1>
      <direction>1</direction>
      <x0>111</x0>
      <y0>1</y0>
      <x1>111</x1>
      <y1>11</y1>
      <xmin>111</xmin>
      <xmax>111</xmax>
    </sun.awt.geom.Order1>
    <sun.awt.geom.Order1>
      <direction>-1</direction>
      <x0>121</x0>
      <y0>1</y0>
      <x1>121</x1>
      <y1>11</y1>
      <xmin>121</xmin>
      <xmax>121</xmax>
    </sun.awt.geom.Order1>
    
    <sun.awt.geom.Order0>
      <direction>1</direction>
      <x>161</x>
      <y>1</y>
    </sun.awt.geom.Order0>
    <sun.awt.geom.Order1>
      <direction>1</direction>
      <x0>161</x0>
      <y0>1</y0>
      <x1>161</x1>
      <y1>11</y1>
      <xmin>161</xmin>
      <xmax>161</xmax>
    </sun.awt.geom.Order1>
    <sun.awt.geom.Order1>
      <direction>-1</direction>
      <x0>171</x0>
      <y0>1</y0>
      <x1>171</x1>
      <y1>11</y1>
      <xmin>171</xmin>
      <xmax>171</xmax>
    </sun.awt.geom.Order1>
    
    <sun.awt.geom.Order0>
      <direction>1</direction>
      <x>171</x>
      <y>1</y>
    </sun.awt.geom.Order0>
    <sun.awt.geom.Order1>
      <direction>1</direction>
      <x0>171</x0>
      <y0>1</y0>
      <x1>171</x1>
      <y1>11</y1>
      <xmin>171</xmin>
      <xmax>171</xmax>
    </sun.awt.geom.Order1>
    <sun.awt.geom.Order1>
      <direction>-1</direction>
      <x0>181</x0>
      <y0>1</y0>
      <x1>181</x1>
      <y1>11</y1>
      <xmin>181</xmin>
      <xmax>181</xmax>
    </sun.awt.geom.Order1>
    
    <sun.awt.geom.Order0>
      <direction>1</direction>
      <x>181</x>
      <y>1</y>
    </sun.awt.geom.Order0>
    <sun.awt.geom.Order1>
      <direction>1</direction>
      <x0>181</x0>
      <y0>1</y0>
      <x1>181</x1>
      <y1>11</y1>
      <xmin>181</xmin>
      <xmax>181</xmax>
    </sun.awt.geom.Order1>
    <sun.awt.geom.Order1>
      <direction>-1</direction>
      <x0>191</x0>
      <y0>1</y0>
      <x1>191</x1>
      <y1>11</y1>
      <xmin>191</xmin>
      <xmax>191</xmax>
    </sun.awt.geom.Order1>
    
    <sun.awt.geom.Order0>
      <direction>1</direction>
      <x>81</x>
      <y>11</y>
    </sun.awt.geom.Order0>
    <sun.awt.geom.Order1>
      <direction>1</direction>
      <x0>81</x0>
      <y0>11</y0>
      <x1>81</x1>
      <y1>21</y1>
      <xmin>81</xmin>
      <xmax>81</xmax>
    </sun.awt.geom.Order1>
    <sun.awt.geom.Order1>
      <direction>-1</direction>
      <x0>91</x0>
      <y0>11</y0>
      <x1>91</x1>
      <y1>21</y1>
      <xmin>91</xmin>
      <xmax>91</xmax>
    </sun.awt.geom.Order1>
    
    <sun.awt.geom.Order0>
      <direction>1</direction>
      <x>181</x>
      <y>11</y>
    </sun.awt.geom.Order0>
    <sun.awt.geom.Order1>
      <direction>1</direction>
      <x0>181</x0>
      <y0>11</y0>
      <x1>181</x1>
      <y1>21</y1>
      <xmin>181</xmin>
      <xmax>181</xmax>
    </sun.awt.geom.Order1>
    <sun.awt.geom.Order1>
      <direction>-1</direction>
      <x0>191</x0>
      <y0>11</y0>
      <x1>191</x1>
      <y1>21</y1>
      <xmin>191</xmin>
      <xmax>191</xmax>
    </sun.awt.geom.Order1>
    
    <sun.awt.geom.Order0>
      <direction>1</direction>
      <x>81</x>
      <y>21</y>
    </sun.awt.geom.Order0>
    <sun.awt.geom.Order1>
      <direction>1</direction>
      <x0>81</x0>
      <y0>21</y0>
      <x1>81</x1>
      <y1>31</y1>
      <xmin>81</xmin>
      <xmax>81</xmax>
    </sun.awt.geom.Order1>
    <sun.awt.geom.Order1>
      <direction>-1</direction>
      <x0>91</x0>
      <y0>21</y0>
      <x1>91</x1>
      <y1>31</y1>
      <xmin>91</xmin>
      <xmax>91</xmax>
    </sun.awt.geom.Order1>
    
    <sun.awt.geom.Order0>
      <direction>1</direction>
      <x>101</x>
      <y>21</y>
    </sun.awt.geom.Order0>
    <sun.awt.geom.Order1>
      <direction>1</direction>
      <x0>101</x0>
      <y0>21</y0>
      <x1>101</x1>
      <y1>31</y1>
      <xmin>101</xmin>
      <xmax>101</xmax>
    </sun.awt.geom.Order1>
    <sun.awt.geom.Order1>
      <direction>-1</direction>
      <x0>111</x0>
      <y0>21</y0>
      <x1>111</x1>
      <y1>31</y1>
      <xmin>111</xmin>
      <xmax>111</xmax>
    </sun.awt.geom.Order1>
    
    <sun.awt.geom.Order0>
      <direction>1</direction>
      <x>111</x>
      <y>21</y>
    </sun.awt.geom.Order0>
    <sun.awt.geom.Order1>
      <direction>1</direction>
      <x0>111</x0>
      <y0>21</y0>
      <x1>111</x1>
      <y1>31</y1>
      <xmin>111</xmin>
      <xmax>111</xmax>
    </sun.awt.geom.Order1>
    <sun.awt.geom.Order1>
      <direction>-1</direction>
      <x0>121</x0>
      <y0>21</y0>
      <x1>121</x1>
      <y1>31</y1>
      <xmin>121</xmin>
      <xmax>121</xmax>
    </sun.awt.geom.Order1>
    
    <sun.awt.geom.Order0>
      <direction>1</direction>
      <x>161</x>
      <y>21</y>
    </sun.awt.geom.Order0>
    <sun.awt.geom.Order1>
      <direction>1</direction>
      <x0>161</x0>
      <y0>21</y0>
      <x1>161</x1>
      <y1>31</y1>
      <xmin>161</xmin>
      <xmax>161</xmax>
    </sun.awt.geom.Order1>
    <sun.awt.geom.Order1>
      <direction>-1</direction>
      <x0>171</x0>
      <y0>21</y0>
      <x1>171</x1>
      <y1>31</y1>
      <xmin>171</xmin>
      <xmax>171</xmax>
    </sun.awt.geom.Order1>
    
    <sun.awt.geom.Order0>
      <direction>1</direction>
      <x>181</x>
      <y>21</y>
    </sun.awt.geom.Order0>
    <sun.awt.geom.Order1>
      <direction>1</direction>
      <x0>181</x0>
      <y0>21</y0>
      <x1>181</x1>
      <y1>31</y1>
      <xmin>181</xmin>
      <xmax>181</xmax>
    </sun.awt.geom.Order1>
    <sun.awt.geom.Order1>
      <direction>-1</direction>
      <x0>191</x0>
      <y0>21</y0>
      <x1>191</x1>
      <y1>31</y1>
      <xmin>191</xmin>
      <xmax>191</xmax>
    </sun.awt.geom.Order1>
    
    <sun.awt.geom.Order0>
      <direction>1</direction>
      <x>81</x>
      <y>31</y>
    </sun.awt.geom.Order0>
    <sun.awt.geom.Order1>
      <direction>1</direction>
      <x0>81</x0>
      <y0>31</y0>
      <x1>81</x1>
      <y1>41</y1>
      <xmin>81</xmin>
      <xmax>81</xmax>
    </sun.awt.geom.Order1>
    <sun.awt.geom.Order1>
      <direction>-1</direction>
      <x0>91</x0>
      <y0>31</y0>
      <x1>91</x1>
      <y1>41</y1>
      <xmin>91</xmin>
      <xmax>91</xmax>
    </sun.awt.geom.Order1>
    
    <sun.awt.geom.Order0>
      <direction>1</direction>
      <x>101</x>
      <y>31</y>
    </sun.awt.geom.Order0>
    <sun.awt.geom.Order1>
      <direction>1</direction>
      <x0>101</x0>
      <y0>31</y0>
      <x1>101</x1>
      <y1>41</y1>
      <xmin>101</xmin>
      <xmax>101</xmax>
    </sun.awt.geom.Order1>
    <sun.awt.geom.Order1>
      <direction>-1</direction>
      <x0>111</x0>
      <y0>31</y0>
      <x1>111</x1>
      <y1>41</y1>
      <xmin>111</xmin>
      <xmax>111</xmax>
    </sun.awt.geom.Order1>
    
    <sun.awt.geom.Order0>
      <direction>1</direction>
      <x>181</x>
      <y>31</y>
    </sun.awt.geom.Order0>
    <sun.awt.geom.Order1>
      <direction>1</direction>
      <x0>181</x0>
      <y0>31</y0>
      <x1>181</x1>
      <y1>41</y1>
      <xmin>181</xmin>
      <xmax>181</xmax>
    </sun.awt.geom.Order1>
    <sun.awt.geom.Order1>
      <direction>-1</direction>
      <x0>191</x0>
      <y0>31</y0>
      <x1>191</x1>
      <y1>41</y1>
      <xmin>191</xmin>
      <xmax>191</xmax>
    </sun.awt.geom.Order1>
    
    <sun.awt.geom.Order0>
      <direction>1</direction>
      <x>51</x>
      <y>41</y>
    </sun.awt.geom.Order0>
    <sun.awt.geom.Order1>
      <direction>1</direction>
      <x0>51</x0>
      <y0>41</y0>
      <x1>51</x1>
      <y1>71</y1>
      <xmin>51</xmin>
      <xmax>51</xmax>
    </sun.awt.geom.Order1>
    <sun.awt.geom.Order1>
      <direction>-1</direction>
      <x0>81</x0>
      <y0>41</y0>
      <x1>81</x1>
      <y1>71</y1>
      <xmin>81</xmin>
      <xmax>81</xmax>
    </sun.awt.geom.Order1>
    
    <sun.awt.geom.Order0>
      <direction>1</direction>
      <x>81</x>
      <y>41</y>
    </sun.awt.geom.Order0>
    <sun.awt.geom.Order1>
      <direction>1</direction>
      <x0>81</x0>
      <y0>41</y0>
      <x1>81</x1>
      <y1>51</y1>
      <xmin>81</xmin>
      <xmax>81</xmax>
    </sun.awt.geom.Order1>
    <sun.awt.geom.Order1>
      <direction>-1</direction>
      <x0>91</x0>
      <y0>41</y0>
      <x1>91</x1>
      <y1>51</y1>
      <xmin>91</xmin>
      <xmax>91</xmax>
    </sun.awt.geom.Order1>
    
    <sun.awt.geom.Order0>
      <direction>1</direction>
      <x>101</x>
      <y>41</y>
    </sun.awt.geom.Order0>
    <sun.awt.geom.Order1>
      <direction>1</direction>
      <x0>101</x0>
      <y0>41</y0>
      <x1>101</x1>
      <y1>51</y1>
      <xmin>101</xmin>
      <xmax>101</xmax>
    </sun.awt.geom.Order1>
    <sun.awt.geom.Order1>
      <direction>-1</direction>
      <x0>111</x0>
      <y0>41</y0>
      <x1>111</x1>
      <y1>51</y1>
      <xmin>111</xmin>
      <xmax>111</xmax>
    </sun.awt.geom.Order1>
    
    <sun.awt.geom.Order0>
      <direction>1</direction>
      <x>161</x>
      <y>41</y>
    </sun.awt.geom.Order0>
    <sun.awt.geom.Order1>
      <direction>1</direction>
      <x0>161</x0>
      <y0>41</y0>
      <x1>161</x1>
      <y1>51</y1>
      <xmin>161</xmin>
      <xmax>161</xmax>
    </sun.awt.geom.Order1>
    <sun.awt.geom.Order1>
      <direction>-1</direction>
      <x0>171</x0>
      <y0>41</y0>
      <x1>171</x1>
      <y1>51</y1>
      <xmin>171</xmin>
      <xmax>171</xmax>
    </sun.awt.geom.Order1>
    
    <sun.awt.geom.Order0>
      <direction>1</direction>
      <x>181</x>
      <y>41</y>
    </sun.awt.geom.Order0>
    <sun.awt.geom.Order1>
      <direction>1</direction>
      <x0>181</x0>
      <y0>41</y0>
      <x1>181</x1>
      <y1>51</y1>
      <xmin>181</xmin>
      <xmax>181</xmax>
    </sun.awt.geom.Order1>
    <sun.awt.geom.Order1>
      <direction>-1</direction>
      <x0>191</x0>
      <y0>41</y0>
      <x1>191</x1>
      <y1>51</y1>
      <xmin>191</xmin>
      <xmax>191</xmax>
    </sun.awt.geom.Order1>
    
    <sun.awt.geom.Order0>
      <direction>1</direction>
      <x>1</x>
      <y>51</y>
    </sun.awt.geom.Order0>
    <sun.awt.geom.Order1>
      <direction>1</direction>
      <x0>1</x0>
      <y0>51</y0>
      <x1>1</x1>
      <y1>71</y1>
      <xmin>1</xmin>
      <xmax>1</xmax>
    </sun.awt.geom.Order1>
    <sun.awt.geom.Order1>
      <direction>-1</direction>
      <x0>21</x0>
      <y0>51</y0>
      <x1>21</x1>
      <y1>71</y1>
      <xmin>21</xmin>
      <xmax>21</xmax>
    </sun.awt.geom.Order1>
    
    <sun.awt.geom.Order0>
      <direction>1</direction>
      <x>31</x>
      <y>51</y>
    </sun.awt.geom.Order0>
    <sun.awt.geom.Order1>
      <direction>1</direction>
      <x0>31</x0>
      <y0>51</y0>
      <x1>31</x1>
      <y1>71</y1>
      <xmin>31</xmin>
      <xmax>31</xmax>
    </sun.awt.geom.Order1>
    <sun.awt.geom.Order1>
      <direction>-1</direction>
      <x0>51</x0>
      <y0>51</y0>
      <x1>51</x1>
      <y1>71</y1>
      <xmin>51</xmin>
      <xmax>51</xmax>
    </sun.awt.geom.Order1>
    
    <sun.awt.geom.Order0>
      <direction>1</direction>
      <x>81</x>
      <y>51</y>
    </sun.awt.geom.Order0>
    <sun.awt.geom.Order1>
      <direction>1</direction>
      <x0>81</x0>
      <y0>51</y0>
      <x1>81</x1>
      <y1>61</y1>
      <xmin>81</xmin>
      <xmax>81</xmax>
    </sun.awt.geom.Order1>
    <sun.awt.geom.Order1>
      <direction>-1</direction>
      <x0>91</x0>
      <y0>51</y0>
      <x1>91</x1>
      <y1>61</y1>
      <xmin>91</xmin>
      <xmax>91</xmax>
    </sun.awt.geom.Order1>
    
    <sun.awt.geom.Order0>
      <direction>1</direction>
      <x>101</x>
      <y>51</y>
    </sun.awt.geom.Order0>
    <sun.awt.geom.Order1>
      <direction>1</direction>
      <x0>101</x0>
      <y0>51</y0>
      <x1>101</x1>
      <y1>61</y1>
      <xmin>101</xmin>
      <xmax>101</xmax>
    </sun.awt.geom.Order1>
    <sun.awt.geom.Order1>
      <direction>-1</direction>
      <x0>111</x0>
      <y0>51</y0>
      <x1>111</x1>
      <y1>61</y1>
      <xmin>111</xmin>
      <xmax>111</xmax>
    </sun.awt.geom.Order1>
    
    <sun.awt.geom.Order0>
      <direction>1</direction>
      <x>161</x>
      <y>51</y>
    </sun.awt.geom.Order0>
    <sun.awt.geom.Order1>
      <direction>1</direction>
      <x0>161</x0>
      <y0>51</y0>
      <x1>161</x1>
      <y1>61</y1>
      <xmin>161</xmin>
      <xmax>161</xmax>
    </sun.awt.geom.Order1>
    <sun.awt.geom.Order1>
      <direction>-1</direction>
      <x0>171</x0>
      <y0>51</y0>
      <x1>171</x1>
      <y1>61</y1>
      <xmin>171</xmin>
      <xmax>171</xmax>
    </sun.awt.geom.Order1>
    
    <sun.awt.geom.Order0>
      <direction>1</direction>
      <x>181</x>
      <y>51</y>
    </sun.awt.geom.Order0>
    <sun.awt.geom.Order1>
      <direction>1</direction>
      <x0>181</x0>
      <y0>51</y0>
      <x1>181</x1>
      <y1>61</y1>
      <xmin>181</xmin>
      <xmax>181</xmax>
    </sun.awt.geom.Order1>
    <sun.awt.geom.Order1>
      <direction>-1</direction>
      <x0>191</x0>
      <y0>51</y0>
      <x1>191</x1>
      <y1>61</y1>
      <xmin>191</xmin>
      <xmax>191</xmax>
    </sun.awt.geom.Order1>
    
    <sun.awt.geom.Order0>
      <direction>1</direction>
      <x>81</x>
      <y>61</y>
    </sun.awt.geom.Order0>
    <sun.awt.geom.Order1>
      <direction>1</direction>
      <x0>81</x0>
      <y0>61</y0>
      <x1>81</x1>
      <y1>71</y1>
      <xmin>81</xmin>
      <xmax>81</xmax>
    </sun.awt.geom.Order1>
    <sun.awt.geom.Order1>
      <direction>-1</direction>
      <x0>91</x0>
      <y0>61</y0>
      <x1>91</x1>
      <y1>71</y1>
      <xmin>91</xmin>
      <xmax>91</xmax>
    </sun.awt.geom.Order1>
    
    <sun.awt.geom.Order0>
      <direction>1</direction>
      <x>101</x>
      <y>61</y>
    </sun.awt.geom.Order0>
    <sun.awt.geom.Order1>
      <direction>1</direction>
      <x0>101</x0>
      <y0>61</y0>
      <x1>101</x1>
      <y1>71</y1>
      <xmin>101</xmin>
      <xmax>101</xmax>
    </sun.awt.geom.Order1>
    <sun.awt.geom.Order1>
      <direction>-1</direction>
      <x0>111</x0>
      <y0>61</y0>
      <x1>111</x1>
      <y1>71</y1>
      <xmin>111</xmin>
      <xmax>111</xmax>
    </sun.awt.geom.Order1>
    
    <sun.awt.geom.Order0>
      <direction>1</direction>
      <x>161</x>
      <y>61</y>
    </sun.awt.geom.Order0>
    <sun.awt.geom.Order1>
      <direction>1</direction>
      <x0>161</x0>
      <y0>61</y0>
      <x1>161</x1>
      <y1>71</y1>
      <xmin>161</xmin>
      <xmax>161</xmax>
    </sun.awt.geom.Order1>
    <sun.awt.geom.Order1>
      <direction>-1</direction>
      <x0>171</x0>
      <y0>61</y0>
      <x1>171</x1>
      <y1>71</y1>
      <xmin>171</xmin>
      <xmax>171</xmax>
    </sun.awt.geom.Order1>
    
    <sun.awt.geom.Order0>
      <direction>1</direction>
      <x>171</x>
      <y>61</y>
    </sun.awt.geom.Order0>
    <sun.awt.geom.Order1>
      <direction>1</direction>
      <x0>171</x0>
      <y0>61</y0>
      <x1>171</x1>
      <y1>71</y1>
      <xmin>171</xmin>
      <xmax>171</xmax>
    </sun.awt.geom.Order1>
    <sun.awt.geom.Order1>
      <direction>-1</direction>
      <x0>181</x0>
      <y0>61</y0>
      <x1>181</x1>
      <y1>71</y1>
      <xmin>181</xmin>
      <xmax>181</xmax>
    </sun.awt.geom.Order1>
    
    <sun.awt.geom.Order0>
      <direction>1</direction>
      <x>181</x>
      <y>61</y>
    </sun.awt.geom.Order0>
    <sun.awt.geom.Order1>
      <direction>1</direction>
      <x0>181</x0>
      <y0>61</y0>
      <x1>181</x1>
      <y1>71</y1>
      <xmin>181</xmin>
      <xmax>181</xmax>
    </sun.awt.geom.Order1>
    <sun.awt.geom.Order1>
      <direction>-1</direction>
      <x0>191</x0>
      <y0>61</y0>
      <x1>191</x1>
      <y1>71</y1>
      <xmin>191</xmin>
      <xmax>191</xmax>
    </sun.awt.geom.Order1>
    
    <sun.awt.geom.Order0>
      <direction>1</direction>
      <x>1</x>
      <y>71</y>
    </sun.awt.geom.Order0>
    <sun.awt.geom.Order1>
      <direction>1</direction>
      <x0>1</x0>
      <y0>71</y0>
      <x1>1</x1>
      <y1>81</y1>
      <xmin>1</xmin>
      <xmax>1</xmax>
    </sun.awt.geom.Order1>
    <sun.awt.geom.Order1>
      <direction>-1</direction>
      <x0>11</x0>
      <y0>71</y0>
      <x1>11</x1>
      <y1>81</y1>
      <xmin>11</xmin>
      <xmax>11</xmax>
    </sun.awt.geom.Order1>
    
    <sun.awt.geom.Order0>
      <direction>1</direction>
      <x>41</x>
      <y>71</y>
    </sun.awt.geom.Order0>
    <sun.awt.geom.Order1>
      <direction>1</direction>
      <x0>41</x0>
      <y0>71</y0>
      <x1>41</x1>
      <y1>91</y1>
      <xmin>41</xmin>
      <xmax>41</xmax>
    </sun.awt.geom.Order1>
    <sun.awt.geom.Order1>
      <direction>-1</direction>
      <x0>61</x0>
      <y0>71</y0>
      <x1>61</x1>
      <y1>91</y1>
      <xmin>61</xmin>
      <xmax>61</xmax>
    </sun.awt.geom.Order1>
    
    <sun.awt.geom.Order0>
      <direction>1</direction>
      <x>161</x>
      <y>71</y>
    </sun.awt.geom.Order0>
    <sun.awt.geom.Order1>
      <direction>1</direction>
      <x0>161</x0>
      <y0>71</y0>
      <x1>161</x1>
      <y1>81</y1>
      <xmin>161</xmin>
      <xmax>161</xmax>
    </sun.awt.geom.Order1>
    <sun.awt.geom.Order1>
      <direction>-1</direction>
      <x0>171</x0>
      <y0>71</y0>
      <x1>171</x1>
      <y1>81</y1>
      <xmin>171</xmin>
      <xmax>171</xmax>
    </sun.awt.geom.Order1>
    
    <sun.awt.geom.Order0>
      <direction>1</direction>
      <x>181</x>
      <y>71</y>
    </sun.awt.geom.Order0>
    <sun.awt.geom.Order1>
      <direction>1</direction>
      <x0>181</x0>
      <y0>71</y0>
      <x1>181</x1>
      <y1>81</y1>
      <xmin>181</xmin>
      <xmax>181</xmax>
    </sun.awt.geom.Order1>
    <sun.awt.geom.Order1>
      <direction>-1</direction>
      <x0>191</x0>
      <y0>71</y0>
      <x1>191</x1>
      <y1>81</y1>
      <xmin>191</xmin>
      <xmax>191</xmax>
    </sun.awt.geom.Order1>
    
    <sun.awt.geom.Order0>
      <direction>1</direction>
      <x>1</x>
      <y>81</y>
    </sun.awt.geom.Order0>
    <sun.awt.geom.Order1>
      <direction>1</direction>
      <x0>1</x0>
      <y0>81</y0>
      <x1>1</x1>
      <y1>91</y1>
      <xmin>1</xmin>
      <xmax>1</xmax>
    </sun.awt.geom.Order1>
    <sun.awt.geom.Order1>
      <direction>-1</direction>
      <x0>11</x0>
      <y0>81</y0>
      <x1>11</x1>
      <y1>91</y1>
      <xmin>11</xmin>
      <xmax>11</xmax>
    </sun.awt.geom.Order1>
    
    <sun.awt.geom.Order0>
      <direction>1</direction>
      <x>81</x>
      <y>81</y>
    </sun.awt.geom.Order0>
    <sun.awt.geom.Order1>
      <direction>1</direction>
      <x0>81</x0>
      <y0>81</y0>
      <x1>81</x1>
      <y1>91</y1>
      <xmin>81</xmin>
      <xmax>81</xmax>
    </sun.awt.geom.Order1>
    <sun.awt.geom.Order1>
      <direction>-1</direction>
      <x0>91</x0>
      <y0>81</y0>
      <x1>91</x1>
      <y1>91</y1>
      <xmin>91</xmin>
      <xmax>91</xmax>
    </sun.awt.geom.Order1>
    
    <sun.awt.geom.Order0>
      <direction>1</direction>
      <x>91</x>
      <y>81</y>
    </sun.awt.geom.Order0>
    <sun.awt.geom.Order1>
      <direction>1</direction>
      <x0>91</x0>
      <y0>81</y0>
      <x1>91</x1>
      <y1>91</y1>
      <xmin>91</xmin>
      <xmax>91</xmax>
    </sun.awt.geom.Order1>
    <sun.awt.geom.Order1>
      <direction>-1</direction>
      <x0>101</x0>
      <y0>81</y0>
      <x1>101</x1>
      <y1>91</y1>
      <xmin>101</xmin>
      <xmax>101</xmax>
    </sun.awt.geom.Order1>
    
    <sun.awt.geom.Order0>
      <direction>1</direction>
      <x>101</x>
      <y>81</y>
    </sun.awt.geom.Order0>
    <sun.awt.geom.Order1>
      <direction>1</direction>
      <x0>101</x0>
      <y0>81</y0>
      <x1>101</x1>
      <y1>91</y1>
      <xmin>101</xmin>
      <xmax>101</xmax>
    </sun.awt.geom.Order1>
    <sun.awt.geom.Order1>
      <direction>-1</direction>
      <x0>111</x0>
      <y0>81</y0>
      <x1>111</x1>
      <y1>91</y1>
      <xmin>111</xmin>
      <xmax>111</xmax>
    </sun.awt.geom.Order1>
    
    <sun.awt.geom.Order0>
      <direction>1</direction>
      <x>111</x>
      <y>81</y>
    </sun.awt.geom.Order0>
    <sun.awt.geom.Order1>
      <direction>1</direction>
      <x0>111</x0>
      <y0>81</y0>
      <x1>111</x1>
      <y1>91</y1>
      <xmin>111</xmin>
      <xmax>111</xmax>
    </sun.awt.geom.Order1>
    <sun.awt.geom.Order1>
      <direction>-1</direction>
      <x0>121</x0>
      <y0>81</y0>
      <x1>121</x1>
      <y1>91</y1>
      <xmin>121</xmin>
      <xmax>121</xmax>
    </sun.awt.geom.Order1>
    
    <sun.awt.geom.Order0>
      <direction>1</direction>
      <x>161</x>
      <y>81</y>
    </sun.awt.geom.Order0>
    <sun.awt.geom.Order1>
      <direction>1</direction>
      <x0>161</x0>
      <y0>81</y0>
      <x1>161</x1>
      <y1>91</y1>
      <xmin>161</xmin>
      <xmax>161</xmax>
    </sun.awt.geom.Order1>
    <sun.awt.geom.Order1>
      <direction>-1</direction>
      <x0>171</x0>
      <y0>81</y0>
      <x1>171</x1>
      <y1>91</y1>
      <xmin>171</xmin>
      <xmax>171</xmax>
    </sun.awt.geom.Order1>
    
    <sun.awt.geom.Order0>
      <direction>1</direction>
      <x>181</x>
      <y>81</y>
    </sun.awt.geom.Order0>
    <sun.awt.geom.Order1>
      <direction>1</direction>
      <x0>181</x0>
      <y0>81</y0>
      <x1>181</x1>
      <y1>91</y1>
      <xmin>181</xmin>
      <xmax>181</xmax>
    </sun.awt.geom.Order1>
    <sun.awt.geom.Order1>
      <direction>-1</direction>
      <x0>191</x0>
      <y0>81</y0>
      <x1>191</x1>
      <y1>91</y1>
      <xmin>191</xmin>
      <xmax>191</xmax>
    </sun.awt.geom.Order1>
    
    <sun.awt.geom.Order0>
      <direction>1</direction>
      <x>1</x>
      <y>91</y>
    </sun.awt.geom.Order0>
    <sun.awt.geom.Order1>
      <direction>1</direction>
      <x0>1</x0>
      <y0>91</y0>
      <x1>1</x1>
      <y1>101</y1>
      <xmin>1</xmin>
      <xmax>1</xmax>
    </sun.awt.geom.Order1>
    <sun.awt.geom.Order1>
      <direction>-1</direction>
      <x0>11</x0>
      <y0>91</y0>
      <x1>11</x1>
      <y1>101</y1>
      <xmin>11</xmin>
      <xmax>11</xmax>
    </sun.awt.geom.Order1>
    
    <sun.awt.geom.Order0>
      <direction>1</direction>
      <x>41</x>
      <y>91</y>
    </sun.awt.geom.Order0>
    <sun.awt.geom.Order1>
      <direction>1</direction>
      <x0>41</x0>
      <y0>91</y0>
      <x1>41</x1>
      <y1>101</y1>
      <xmin>41</xmin>
      <xmax>41</xmax>
    </sun.awt.geom.Order1>
    <sun.awt.geom.Order1>
      <direction>-1</direction>
      <x0>51</x0>
      <y0>91</y0>
      <x1>51</x1>
      <y1>101</y1>
      <xmin>51</xmin>
      <xmax>51</xmax>
    </sun.awt.geom.Order1>
    
    <sun.awt.geom.Order0>
      <direction>1</direction>
      <x>81</x>
      <y>91</y>
    </sun.awt.geom.Order0>
    <sun.awt.geom.Order1>
      <direction>1</direction>
      <x0>81</x0>
      <y0>91</y0>
      <x1>81</x1>
      <y1>101</y1>
      <xmin>81</xmin>
      <xmax>81</xmax>
    </sun.awt.geom.Order1>
    <sun.awt.geom.Order1>
      <direction>-1</direction>
      <x0>91</x0>
      <y0>91</y0>
      <x1>91</x1>
      <y1>101</y1>
      <xmin>91</xmin>
      <xmax>91</xmax>
    </sun.awt.geom.Order1>
    
    <sun.awt.geom.Order0>
      <direction>1</direction>
      <x>161</x>
      <y>91</y>
    </sun.awt.geom.Order0>
    <sun.awt.geom.Order1>
      <direction>1</direction>
      <x0>161</x0>
      <y0>91</y0>
      <x1>161</x1>
      <y1>101</y1>
      <xmin>161</xmin>
      <xmax>161</xmax>
    </sun.awt.geom.Order1>
    <sun.awt.geom.Order1>
      <direction>-1</direction>
      <x0>171</x0>
      <y0>91</y0>
      <x1>171</x1>
      <y1>101</y1>
      <xmin>171</xmin>
      <xmax>171</xmax>
    </sun.awt.geom.Order1>
    
    <sun.awt.geom.Order0>
      <direction>1</direction>
      <x>181</x>
      <y>91</y>
    </sun.awt.geom.Order0>
    <sun.awt.geom.Order1>
      <direction>1</direction>
      <x0>181</x0>
      <y0>91</y0>
      <x1>181</x1>
      <y1>101</y1>
      <xmin>181</xmin>
      <xmax>181</xmax>
    </sun.awt.geom.Order1>
    <sun.awt.geom.Order1>
      <direction>-1</direction>
      <x0>191</x0>
      <y0>91</y0>
      <x1>191</x1>
      <y1>101</y1>
      <xmin>191</xmin>
      <xmax>191</xmax>
    </sun.awt.geom.Order1>
    
    <sun.awt.geom.Order0>
      <direction>1</direction>
      <x>1</x>
      <y>101</y>
    </sun.awt.geom.Order0>
    <sun.awt.geom.Order1>
      <direction>1</direction>
      <x0>1</x0>
      <y0>101</y0>
      <x1>1</x1>
      <y1>111</y1>
      <xmin>1</xmin>
      <xmax>1</xmax>
    </sun.awt.geom.Order1>
    <sun.awt.geom.Order1>
      <direction>-1</direction>
      <x0>11</x0>
      <y0>101</y0>
      <x1>11</x1>
      <y1>111</y1>
      <xmin>11</xmin>
      <xmax>11</xmax>
    </sun.awt.geom.Order1>
    
    <sun.awt.geom.Order0>
      <direction>1</direction>
      <x>41</x>
      <y>101</y>
    </sun.awt.geom.Order0>
    <sun.awt.geom.Order1>
      <direction>1</direction>
      <x0>41</x0>
      <y0>101</y0>
      <x1>41</x1>
      <y1>111</y1>
      <xmin>41</xmin>
      <xmax>41</xmax>
    </sun.awt.geom.Order1>
    <sun.awt.geom.Order1>
      <direction>-1</direction>
      <x0>51</x0>
      <y0>101</y0>
      <x1>51</x1>
      <y1>111</y1>
      <xmin>51</xmin>
      <xmax>51</xmax>
    </sun.awt.geom.Order1>
    
    <sun.awt.geom.Order0>
      <direction>1</direction>
      <x>81</x>
      <y>101</y>
    </sun.awt.geom.Order0>
    <sun.awt.geom.Order1>
      <direction>1</direction>
      <x0>81</x0>
      <y0>101</y0>
      <x1>81</x1>
      <y1>111</y1>
      <xmin>81</xmin>
      <xmax>81</xmax>
    </sun.awt.geom.Order1>
    <sun.awt.geom.Order1>
      <direction>-1</direction>
      <x0>91</x0>
      <y0>101</y0>
      <x1>91</x1>
      <y1>111</y1>
      <xmin>91</xmin>
      <xmax>91</xmax>
    </sun.awt.geom.Order1>
    
    <sun.awt.geom.Order0>
      <direction>1</direction>
      <x>91</x>
      <y>101</y>
    </sun.awt.geom.Order0>
    <sun.awt.geom.Order1>
      <direction>1</direction>
      <x0>91</x0>
      <y0>101</y0>
      <x1>91</x1>
      <y1>111</y1>
      <xmin>91</xmin>
      <xmax>91</xmax>
    </sun.awt.geom.Order1>
    <sun.awt.geom.Order1>
      <direction>-1</direction>
      <x0>101</x0>
      <y0>101</y0>
      <x1>101</x1>
      <y1>111</y1>
      <xmin>101</xmin>
      <xmax>101</xmax>
    </sun.awt.geom.Order1>
    
    <sun.awt.geom.Order0>
      <direction>1</direction>
      <x>101</x>
      <y>101</y>
    </sun.awt.geom.Order0>
    <sun.awt.geom.Order1>
      <direction>1</direction>
      <x0>101</x0>
      <y0>101</y0>
      <x1>101</x1>
      <y1>111</y1>
      <xmin>101</xmin>
      <xmax>101</xmax>
    </sun.awt.geom.Order1>
    <sun.awt.geom.Order1>
      <direction>-1</direction>
      <x0>111</x0>
      <y0>101</y0>
      <x1>111</x1>
      <y1>111</y1>
      <xmin>111</xmin>
      <xmax>111</xmax>
    </sun.awt.geom.Order1>
    
    <sun.awt.geom.Order0>
      <direction>1</direction>
      <x>121</x>
      <y>101</y>
    </sun.awt.geom.Order0>
    <sun.awt.geom.Order1>
      <direction>1</direction>
      <x0>121</x0>
      <y0>101</y0>
      <x1>121</x1>
      <y1>131</y1>
      <xmin>121</xmin>
      <xmax>121</xmax>
    </sun.awt.geom.Order1>
    <sun.awt.geom.Order1>
      <direction>-1</direction>
      <x0>151</x0>
      <y0>101</y0>
      <x1>151</x1>
      <y1>131</y1>
      <xmin>151</xmin>
      <xmax>151</xmax>
    </sun.awt.geom.Order1>
    
    <sun.awt.geom.Order0>
      <direction>1</direction>
      <x>151</x>
      <y>101</y>
    </sun.awt.geom.Order0>
    <sun.awt.geom.Order1>
      <direction>1</direction>
      <x0>151</x0>
      <y0>101</y0>
      <x1>151</x1>
      <y1>121</y1>
      <xmin>151</xmin>
      <xmax>151</xmax>
    </sun.awt.geom.Order1>
    <sun.awt.geom.Order1>
      <direction>-1</direction>
      <x0>171</x0>
      <y0>101</y0>
      <x1>171</x1>
      <y1>121</y1>
      <xmin>171</xmin>
      <xmax>171</xmax>
    </sun.awt.geom.Order1>
    
    <sun.awt.geom.Order0>
      <direction>1</direction>
      <x>181</x>
      <y>101</y>
    </sun.awt.geom.Order0>
    <sun.awt.geom.Order1>
      <direction>1</direction>
      <x0>181</x0>
      <y0>101</y0>
      <x1>181</x1>
      <y1>111</y1>
      <xmin>181</xmin>
      <xmax>181</xmax>
    </sun.awt.geom.Order1>
    <sun.awt.geom.Order1>
      <direction>-1</direction>
      <x0>191</x0>
      <y0>101</y0>
      <x1>191</x1>
      <y1>111</y1>
      <xmin>191</xmin>
      <xmax>191</xmax>
    </sun.awt.geom.Order1>
    
    <sun.awt.geom.Order0>
      <direction>1</direction>
      <x>1</x>
      <y>111</y>
    </sun.awt.geom.Order0>
    <sun.awt.geom.Order1>
      <direction>1</direction>
      <x0>1</x0>
      <y0>111</y0>
      <x1>1</x1>
      <y1>121</y1>
      <xmin>1</xmin>
      <xmax>1</xmax>
    </sun.awt.geom.Order1>
    <sun.awt.geom.Order1>
      <direction>-1</direction>
      <x0>11</x0>
      <y0>111</y0>
      <x1>11</x1>
      <y1>121</y1>
      <xmin>11</xmin>
      <xmax>11</xmax>
    </sun.awt.geom.Order1>
    
    <sun.awt.geom.Order0>
      <direction>1</direction>
      <x>41</x>
      <y>111</y>
    </sun.awt.geom.Order0>
    <sun.awt.geom.Order1>
      <direction>1</direction>
      <x0>41</x0>
      <y0>111</y0>
      <x1>41</x1>
      <y1>121</y1>
      <xmin>41</xmin>
      <xmax>41</xmax>
    </sun.awt.geom.Order1>
    <sun.awt.geom.Order1>
      <direction>-1</direction>
      <x0>51</x0>
      <y0>111</y0>
      <x1>51</x1>
      <y1>121</y1>
      <xmin>51</xmin>
      <xmax>51</xmax>
    </sun.awt.geom.Order1>
    
    <sun.awt.geom.Order0>
      <direction>1</direction>
      <x>81</x>
      <y>111</y>
    </sun.awt.geom.Order0>
    <sun.awt.geom.Order1>
      <direction>1</direction>
      <x0>81</x0>
      <y0>111</y0>
      <x1>81</x1>
      <y1>121</y1>
      <xmin>81</xmin>
      <xmax>81</xmax>
    </sun.awt.geom.Order1>
    <sun.awt.geom.Order1>
      <direction>-1</direction>
      <x0>91</x0>
      <y0>111</y0>
      <x1>91</x1>
      <y1>121</y1>
      <xmin>91</xmin>
      <xmax>91</xmax>
    </sun.awt.geom.Order1>
    
    <sun.awt.geom.Order0>
      <direction>1</direction>
      <x>181</x>
      <y>111</y>
    </sun.awt.geom.Order0>
    <sun.awt.geom.Order1>
      <direction>1</direction>
      <x0>181</x0>
      <y0>111</y0>
      <x1>181</x1>
      <y1>121</y1>
      <xmin>181</xmin>
      <xmax>181</xmax>
    </sun.awt.geom.Order1>
    <sun.awt.geom.Order1>
      <direction>-1</direction>
      <x0>191</x0>
      <y0>111</y0>
      <x1>191</x1>
      <y1>121</y1>
      <xmin>191</xmin>
      <xmax>191</xmax>
    </sun.awt.geom.Order1>
    
    <sun.awt.geom.Order0>
      <direction>1</direction>
      <x>1</x>
      <y>121</y>
    </sun.awt.geom.Order0>
    <sun.awt.geom.Order1>
      <direction>1</direction>
      <x0>1</x0>
      <y0>121</y0>
      <x1>1</x1>
      <y1>131</y1>
      <xmin>1</xmin>
      <xmax>1</xmax>
    </sun.awt.geom.Order1>
    <sun.awt.geom.Order1>
      <direction>-1</direction>
      <x0>11</x0>
      <y0>121</y0>
      <x1>11</x1>
      <y1>131</y1>
      <xmin>11</xmin>
      <xmax>11</xmax>
    </sun.awt.geom.Order1>
    
    <sun.awt.geom.Order0>
      <direction>1</direction>
      <x>11</x>
      <y>121</y>
    </sun.awt.geom.Order0>
    <sun.awt.geom.Order1>
      <direction>1</direction>
      <x0>11</x0>
      <y0>121</y0>
      <x1>11</x1>
      <y1>131</y1>
      <xmin>11</xmin>
      <xmax>11</xmax>
    </sun.awt.geom.Order1>
    <sun.awt.geom.Order1>
      <direction>-1</direction>
      <x0>21</x0>
      <y0>121</y0>
      <x1>21</x1>
      <y1>131</y1>
      <xmin>21</xmin>
      <xmax>21</xmax>
    </sun.awt.geom.Order1>
    
    <sun.awt.geom.Order0>
      <direction>1</direction>
      <x>41</x>
      <y>121</y>
    </sun.awt.geom.Order0>
    <sun.awt.geom.Order1>
      <direction>1</direction>
      <x0>41</x0>
      <y0>121</y0>
      <x1>41</x1>
      <y1>131</y1>
      <xmin>41</xmin>
      <xmax>41</xmax>
    </sun.awt.geom.Order1>
    <sun.awt.geom.Order1>
      <direction>-1</direction>
      <x0>51</x0>
      <y0>121</y0>
      <x1>51</x1>
      <y1>131</y1>
      <xmin>51</xmin>
      <xmax>51</xmax>
    </sun.awt.geom.Order1>
    
    <sun.awt.geom.Order0>
      <direction>1</direction>
      <x>51</x>
      <y>121</y>
    </sun.awt.geom.Order0>
    <sun.awt.geom.Order1>
      <direction>1</direction>
      <x0>51</x0>
      <y0>121</y0>
      <x1>51</x1>
      <y1>131</y1>
      <xmin>51</xmin>
      <xmax>51</xmax>
    </sun.awt.geom.Order1>
    <sun.awt.geom.Order1>
      <direction>-1</direction>
      <x0>61</x0>
      <y0>121</y0>
      <x1>61</x1>
      <y1>131</y1>
      <xmin>61</xmin>
      <xmax>61</xmax>
    </sun.awt.geom.Order1>
    
    <sun.awt.geom.Order0>
      <direction>1</direction>
      <x>81</x>
      <y>121</y>
    </sun.awt.geom.Order0>
    <sun.awt.geom.Order1>
      <direction>1</direction>
      <x0>81</x0>
      <y0>121</y0>
      <x1>81</x1>
      <y1>131</y1>
      <xmin>81</xmin>
      <xmax>81</xmax>
    </sun.awt.geom.Order1>
    <sun.awt.geom.Order1>
      <direction>-1</direction>
      <x0>91</x0>
      <y0>121</y0>
      <x1>91</x1>
      <y1>131</y1>
      <xmin>91</xmin>
      <xmax>91</xmax>
    </sun.awt.geom.Order1>
    
    <sun.awt.geom.Order0>
      <direction>1</direction>
      <x>161</x>
      <y>121</y>
    </sun.awt.geom.Order0>
    <sun.awt.geom.Order1>
      <direction>1</direction>
      <x0>161</x0>
      <y0>121</y0>
      <x1>161</x1>
      <y1>131</y1>
      <xmin>161</xmin>
      <xmax>161</xmax>
    </sun.awt.geom.Order1>
    <sun.awt.geom.Order1>
      <direction>-1</direction>
      <x0>171</x0>
      <y0>121</y0>
      <x1>171</x1>
      <y1>131</y1>
      <xmin>171</xmin>
      <xmax>171</xmax>
    </sun.awt.geom.Order1>
    
    <sun.awt.geom.Order0>
      <direction>1</direction>
      <x>181</x>
      <y>121</y>
    </sun.awt.geom.Order0>
    <sun.awt.geom.Order1>
      <direction>1</direction>
      <x0>181</x0>
      <y0>121</y0>
      <x1>181</x1>
      <y1>131</y1>
      <xmin>181</xmin>
      <xmax>181</xmax>
    </sun.awt.geom.Order1>
    <sun.awt.geom.Order1>
      <direction>-1</direction>
      <x0>191</x0>
      <y0>121</y0>
      <x1>191</x1>
      <y1>131</y1>
      <xmin>191</xmin>
      <xmax>191</xmax>
    </sun.awt.geom.Order1>
    
    <sun.awt.geom.Order0>
      <direction>1</direction>
      <x>1</x>
      <y>131</y>
    </sun.awt.geom.Order0>
    <sun.awt.geom.Order1>
      <direction>1</direction>
      <x0>1</x0>
      <y0>131</y0>
      <x1>1</x1>
      <y1>141</y1>
      <xmin>1</xmin>
      <xmax>1</xmax>
    </sun.awt.geom.Order1>
    <sun.awt.geom.Order1>
      <direction>-1</direction>
      <x0>11</x0>
      <y0>131</y0>
      <x1>11</x1>
      <y1>141</y1>
      <xmin>11</xmin>
      <xmax>11</xmax>
    </sun.awt.geom.Order1>
    
    <sun.awt.geom.Order0>
      <direction>1</direction>
      <x>81</x>
      <y>131</y>
    </sun.awt.geom.Order0>
    <sun.awt.geom.Order1>
      <direction>1</direction>
      <x0>81</x0>
      <y0>131</y0>
      <x1>81</x1>
      <y1>141</y1>
      <xmin>81</xmin>
      <xmax>81</xmax>
    </sun.awt.geom.Order1>
    <sun.awt.geom.Order1>
      <direction>-1</direction>
      <x0>91</x0>
      <y0>131</y0>
      <x1>91</x1>
      <y1>141</y1>
      <xmin>91</xmin>
      <xmax>91</xmax>
    </sun.awt.geom.Order1>
    
    <sun.awt.geom.Order0>
      <direction>1</direction>
      <x>101</x>
      <y>131</y>
    </sun.awt.geom.Order0>
    <sun.awt.geom.Order1>
      <direction>1</direction>
      <x0>101</x0>
      <y0>131</y0>
      <x1>101</x1>
      <y1>141</y1>
      <xmin>101</xmin>
      <xmax>101</xmax>
    </sun.awt.geom.Order1>
    <sun.awt.geom.Order1>
      <direction>-1</direction>
      <x0>111</x0>
      <y0>131</y0>
      <x1>111</x1>
      <y1>141</y1>
      <xmin>111</xmin>
      <xmax>111</xmax>
    </sun.awt.geom.Order1>
    
    <sun.awt.geom.Order0>
      <direction>1</direction>
      <x>181</x>
      <y>131</y>
    </sun.awt.geom.Order0>
    <sun.awt.geom.Order1>
      <direction>1</direction>
      <x0>181</x0>
      <y0>131</y0>
      <x1>181</x1>
      <y1>141</y1>
      <xmin>181</xmin>
      <xmax>181</xmax>
    </sun.awt.geom.Order1>
    <sun.awt.geom.Order1>
      <direction>-1</direction>
      <x0>191</x0>
      <y0>131</y0>
      <x1>191</x1>
      <y1>141</y1>
      <xmin>191</xmin>
      <xmax>191</xmax>
    </sun.awt.geom.Order1>
    
    <sun.awt.geom.Order0>
      <direction>1</direction>
      <x>1</x>
      <y>141</y>
    </sun.awt.geom.Order0>
    <sun.awt.geom.Order1>
      <direction>1</direction>
      <x0>1</x0>
      <y0>141</y0>
      <x1>1</x1>
      <y1>151</y1>
      <xmin>1</xmin>
      <xmax>1</xmax>
    </sun.awt.geom.Order1>
    <sun.awt.geom.Order1>
      <direction>-1</direction>
      <x0>11</x0>
      <y0>141</y0>
      <x1>11</x1>
      <y1>151</y1>
      <xmin>11</xmin>
      <xmax>11</xmax>
    </sun.awt.geom.Order1>
    
    <sun.awt.geom.Order0>
      <direction>1</direction>
      <x>81</x>
      <y>141</y>
    </sun.awt.geom.Order0>
    <sun.awt.geom.Order1>
      <direction>1</direction>
      <x0>81</x0>
      <y0>141</y0>
      <x1>81</x1>
      <y1>151</y1>
      <xmin>81</xmin>
      <xmax>81</xmax>
    </sun.awt.geom.Order1>
    <sun.awt.geom.Order1>
      <direction>-1</direction>
      <x0>91</x0>
      <y0>141</y0>
      <x1>91</x1>
      <y1>151</y1>
      <xmin>91</xmin>
      <xmax>91</xmax>
    </sun.awt.geom.Order1>
    
    <sun.awt.geom.Order0>
      <direction>1</direction>
      <x>141</x>
      <y>141</y>
    </sun.awt.geom.Order0>
    <sun.awt.geom.Order1>
      <direction>1</direction>
      <x0>141</x0>
      <y0>141</y0>
      <x1>141</x1>
      <y1>171</y1>
      <xmin>141</xmin>
      <xmax>141</xmax>
    </sun.awt.geom.Order1>
    <sun.awt.geom.Order1>
      <direction>-1</direction>
      <x0>171</x0>
      <y0>141</y0>
      <x1>171</x1>
      <y1>171</y1>
      <xmin>171</xmin>
      <xmax>171</xmax>
    </sun.awt.geom.Order1>
    
    <sun.awt.geom.Order0>
      <direction>1</direction>
      <x>181</x>
      <y>141</y>
    </sun.awt.geom.Order0>
    <sun.awt.geom.Order1>
      <direction>1</direction>
      <x0>181</x0>
      <y0>141</y0>
      <x1>181</x1>
      <y1>151</y1>
      <xmin>181</xmin>
      <xmax>181</xmax>
    </sun.awt.geom.Order1>
    <sun.awt.geom.Order1>
      <direction>-1</direction>
      <x0>191</x0>
      <y0>141</y0>
      <x1>191</x1>
      <y1>151</y1>
      <xmin>191</xmin>
      <xmax>191</xmax>
    </sun.awt.geom.Order1>
    
    <sun.awt.geom.Order0>
      <direction>1</direction>
      <x>1</x>
      <y>151</y>
    </sun.awt.geom.Order0>
    <sun.awt.geom.Order1>
      <direction>1</direction>
      <x0>1</x0>
      <y0>151</y0>
      <x1>1</x1>
      <y1>161</y1>
      <xmin>1</xmin>
      <xmax>1</xmax>
    </sun.awt.geom.Order1>
    <sun.awt.geom.Order1>
      <direction>-1</direction>
      <x0>11</x0>
      <y0>151</y0>
      <x1>11</x1>
      <y1>161</y1>
      <xmin>11</xmin>
      <xmax>11</xmax>
    </sun.awt.geom.Order1>
    
    <sun.awt.geom.Order0>
      <direction>1</direction>
      <x>81</x>
      <y>151</y>
    </sun.awt.geom.Order0>
    <sun.awt.geom.Order1>
      <direction>1</direction>
      <x0>81</x0>
      <y0>151</y0>
      <x1>81</x1>
      <y1>161</y1>
      <xmin>81</xmin>
      <xmax>81</xmax>
    </sun.awt.geom.Order1>
    <sun.awt.geom.Order1>
      <direction>-1</direction>
      <x0>91</x0>
      <y0>151</y0>
      <x1>91</x1>
      <y1>161</y1>
      <xmin>91</xmin>
      <xmax>91</xmax>
    </sun.awt.geom.Order1>
    
    <sun.awt.geom.Order0>
      <direction>1</direction>
      <x>181</x>
      <y>151</y>
    </sun.awt.geom.Order0>
    <sun.awt.geom.Order1>
      <direction>1</direction>
      <x0>181</x0>
      <y0>151</y0>
      <x1>181</x1>
      <y1>161</y1>
      <xmin>181</xmin>
      <xmax>181</xmax>
    </sun.awt.geom.Order1>
    <sun.awt.geom.Order1>
      <direction>-1</direction>
      <x0>191</x0>
      <y0>151</y0>
      <x1>191</x1>
      <y1>161</y1>
      <xmin>191</xmin>
      <xmax>191</xmax>
    </sun.awt.geom.Order1>
    
    <sun.awt.geom.Order0>
      <direction>1</direction>
      <x>1</x>
      <y>161</y>
    </sun.awt.geom.Order0>
    <sun.awt.geom.Order1>
      <direction>1</direction>
      <x0>1</x0>
      <y0>161</y0>
      <x1>1</x1>
      <y1>171</y1>
      <xmin>1</xmin>
      <xmax>1</xmax>
    </sun.awt.geom.Order1>
    <sun.awt.geom.Order1>
      <direction>-1</direction>
      <x0>11</x0>
      <y0>161</y0>
      <x1>11</x1>
      <y1>171</y1>
      <xmin>11</xmin>
      <xmax>11</xmax>
    </sun.awt.geom.Order1>
    
    <sun.awt.geom.Order0>
      <direction>1</direction>
      <x>41</x>
      <y>161</y>
    </sun.awt.geom.Order0>
    <sun.awt.geom.Order1>
      <direction>1</direction>
      <x0>41</x0>
      <y0>161</y0>
      <x1>41</x1>
      <y1>171</y1>
      <xmin>41</xmin>
      <xmax>41</xmax>
    </sun.awt.geom.Order1>
    <sun.awt.geom.Order1>
      <direction>-1</direction>
      <x0>51</x0>
      <y0>161</y0>
      <x1>51</x1>
      <y1>171</y1>
      <xmin>51</xmin>
      <xmax>51</xmax>
    </sun.awt.geom.Order1>
    
    <sun.awt.geom.Order0>
      <direction>1</direction>
      <x>51</x>
      <y>161</y>
    </sun.awt.geom.Order0>
    <sun.awt.geom.Order1>
      <direction>1</direction>
      <x0>51</x0>
      <y0>161</y0>
      <x1>51</x1>
      <y1>171</y1>
      <xmin>51</xmin>
      <xmax>51</xmax>
    </sun.awt.geom.Order1>
    <sun.awt.geom.Order1>
      <direction>-1</direction>
      <x0>61</x0>
      <y0>161</y0>
      <x1>61</x1>
      <y1>171</y1>
      <xmin>61</xmin>
      <xmax>61</xmax>
    </sun.awt.geom.Order1>
    
    <sun.awt.geom.Order0>
      <direction>1</direction>
      <x>81</x>
      <y>161</y>
    </sun.awt.geom.Order0>
    <sun.awt.geom.Order1>
      <direction>1</direction>
      <x0>81</x0>
      <y0>161</y0>
      <x1>81</x1>
      <y1>171</y1>
      <xmin>81</xmin>
      <xmax>81</xmax>
    </sun.awt.geom.Order1>
    <sun.awt.geom.Order1>
      <direction>-1</direction>
      <x0>91</x0>
      <y0>161</y0>
      <x1>91</x1>
      <y1>171</y1>
      <xmin>91</xmin>
      <xmax>91</xmax>
    </sun.awt.geom.Order1>
    
    <sun.awt.geom.Order0>
      <direction>1</direction>
      <x>91</x>
      <y>161</y>
    </sun.awt.geom.Order0>
    <sun.awt.geom.Order1>
      <direction>1</direction>
      <x0>91</x0>
      <y0>161</y0>
      <x1>91</x1>
      <y1>171</y1>
      <xmin>91</xmin>
      <xmax>91</xmax>
    </sun.awt.geom.Order1>
    <sun.awt.geom.Order1>
      <direction>-1</direction>
      <x0>101</x0>
      <y0>161</y0>
      <x1>101</x1>
      <y1>171</y1>
      <xmin>101</xmin>
      <xmax>101</xmax>
    </sun.awt.geom.Order1>
    
    <sun.awt.geom.Order0>
      <direction>1</direction>
      <x>101</x>
      <y>161</y>
    </sun.awt.geom.Order0>
    <sun.awt.geom.Order1>
      <direction>1</direction>
      <x0>101</x0>
      <y0>161</y0>
      <x1>101</x1>
      <y1>171</y1>
      <xmin>101</xmin>
      <xmax>101</xmax>
    </sun.awt.geom.Order1>
    <sun.awt.geom.Order1>
      <direction>-1</direction>
      <x0>111</x0>
      <y0>161</y0>
      <x1>111</x1>
      <y1>171</y1>
      <xmin>111</xmin>
      <xmax>111</xmax>
    </sun.awt.geom.Order1>
    
    <sun.awt.geom.Order0>
      <direction>1</direction>
      <x>111</x>
      <y>161</y>
    </sun.awt.geom.Order0>
    <sun.awt.geom.Order1>
      <direction>1</direction>
      <x0>111</x0>
      <y0>161</y0>
      <x1>111</x1>
      <y1>171</y1>
      <xmin>111</xmin>
      <xmax>111</xmax>
    </sun.awt.geom.Order1>
    <sun.awt.geom.Order1>
      <direction>-1</direction>
      <x0>121</x0>
      <y0>161</y0>
      <x1>121</x1>
      <y1>171</y1>
      <xmin>121</xmin>
      <xmax>121</xmax>
    </sun.awt.geom.Order1>
    
    <sun.awt.geom.Order0>
      <direction>1</direction>
      <x>181</x>
      <y>161</y>
    </sun.awt.geom.Order0>
    <sun.awt.geom.Order1>
      <direction>1</direction>
      <x0>181</x0>
      <y0>161</y0>
      <x1>181</x1>
      <y1>171</y1>
      <xmin>181</xmin>
      <xmax>181</xmax>
    </sun.awt.geom.Order1>
    <sun.awt.geom.Order1>
      <direction>-1</direction>
      <x0>191</x0>
      <y0>161</y0>
      <x1>191</x1>
      <y1>171</y1>
      <xmin>191</xmin>
      <xmax>191</xmax>
    </sun.awt.geom.Order1>
    
    <sun.awt.geom.Order0>
      <direction>1</direction>
      <x>1</x>
      <y>171</y>
    </sun.awt.geom.Order0>
    <sun.awt.geom.Order1>
      <direction>1</direction>
      <x0>1</x0>
      <y0>171</y0>
      <x1>1</x1>
      <y1>181</y1>
      <xmin>1</xmin>
      <xmax>1</xmax>
    </sun.awt.geom.Order1>
    <sun.awt.geom.Order1>
      <direction>-1</direction>
      <x0>11</x0>
      <y0>171</y0>
      <x1>11</x1>
      <y1>181</y1>
      <xmin>11</xmin>
      <xmax>11</xmax>
    </sun.awt.geom.Order1>
    
    <sun.awt.geom.Order0>
      <direction>1</direction>
      <x>101</x>
      <y>171</y>
    </sun.awt.geom.Order0>
    <sun.awt.geom.Order1>
      <direction>1</direction>
      <x0>101</x0>
      <y0>171</y0>
      <x1>101</x1>
      <y1>181</y1>
      <xmin>101</xmin>
      <xmax>101</xmax>
    </sun.awt.geom.Order1>
    <sun.awt.geom.Order1>
      <direction>-1</direction>
      <x0>111</x0>
      <y0>171</y0>
      <x1>111</x1>
      <y1>181</y1>
      <xmin>111</xmin>
      <xmax>111</xmax>
    </sun.awt.geom.Order1>
    
    <sun.awt.geom.Order0>
      <direction>1</direction>
      <x>141</x>
      <y>171</y>
    </sun.awt.geom.Order0>
    <sun.awt.geom.Order1>
      <direction>1</direction>
      <x0>141</x0>
      <y0>171</y0>
      <x1>141</x1>
      <y1>181</y1>
      <xmin>141</xmin>
      <xmax>141</xmax>
    </sun.awt.geom.Order1>
    <sun.awt.geom.Order1>
      <direction>-1</direction>
      <x0>151</x0>
      <y0>171</y0>
      <x1>151</x1>
      <y1>181</y1>
      <xmin>151</xmin>
      <xmax>151</xmax>
    </sun.awt.geom.Order1>
    
    <sun.awt.geom.Order0>
      <direction>1</direction>
      <x>181</x>
      <y>171</y>
    </sun.awt.geom.Order0>
    <sun.awt.geom.Order1>
      <direction>1</direction>
      <x0>181</x0>
      <y0>171</y0>
      <x1>181</x1>
      <y1>181</y1>
      <xmin>181</xmin>
      <xmax>181</xmax>
    </sun.awt.geom.Order1>
    <sun.awt.geom.Order1>
      <direction>-1</direction>
      <x0>191</x0>
      <y0>171</y0>
      <x1>191</x1>
      <y1>181</y1>
      <xmin>191</xmin>
      <xmax>191</xmax>
    </sun.awt.geom.Order1>
    
    <sun.awt.geom.Order0>
      <direction>1</direction>
      <x>1</x>
      <y>181</y>
    </sun.awt.geom.Order0>
    <sun.awt.geom.Order1>
      <direction>1</direction>
      <x0>1</x0>
      <y0>181</y0>
      <x1>1</x1>
      <y1>191</y1>
      <xmin>1</xmin>
      <xmax>1</xmax>
    </sun.awt.geom.Order1>
    <sun.awt.geom.Order1>
      <direction>-1</direction>
      <x0>11</x0>
      <y0>181</y0>
      <x1>11</x1>
      <y1>191</y1>
      <xmin>11</xmin>
      <xmax>11</xmax>
    </sun.awt.geom.Order1>
    
    <sun.awt.geom.Order0>
      <direction>1</direction>
      <x>21</x>
      <y>181</y>
    </sun.awt.geom.Order0>
    <sun.awt.geom.Order1>
      <direction>1</direction>
      <x0>21</x0>
      <y0>181</y0>
      <x1>21</x1>
      <y1>211</y1>
      <xmin>21</xmin>
      <xmax>21</xmax>
    </sun.awt.geom.Order1>
    <sun.awt.geom.Order1>
      <direction>-1</direction>
      <x0>51</x0>
      <y0>181</y0>
      <x1>51</x1>
      <y1>211</y1>
      <xmin>51</xmin>
      <xmax>51</xmax>
    </sun.awt.geom.Order1>
    
    <sun.awt.geom.Order0>
      <direction>1</direction>
      <x>51</x>
      <y>181</y>
    </sun.awt.geom.Order0>
    <sun.awt.geom.Order1>
      <direction>1</direction>
      <x0>51</x0>
      <y0>181</y0>
      <x1>51</x1>
      <y1>191</y1>
      <xmin>51</xmin>
      <xmax>51</xmax>
    </sun.awt.geom.Order1>
    <sun.awt.geom.Order1>
      <direction>-1</direction>
      <x0>61</x0>
      <y0>181</y0>
      <x1>61</x1>
      <y1>191</y1>
      <xmin>61</xmin>
      <xmax>61</xmax>
    </sun.awt.geom.Order1>
    
    <sun.awt.geom.Order0>
      <direction>1</direction>
      <x>101</x>
      <y>181</y>
    </sun.awt.geom.Order0>
    <sun.awt.geom.Order1>
      <direction>1</direction>
      <x0>101</x0>
      <y0>181</y0>
      <x1>101</x1>
      <y1>191</y1>
      <xmin>101</xmin>
      <xmax>101</xmax>
    </sun.awt.geom.Order1>
    <sun.awt.geom.Order1>
      <direction>-1</direction>
      <x0>111</x0>
      <y0>181</y0>
      <x1>111</x1>
      <y1>191</y1>
      <xmin>111</xmin>
      <xmax>111</xmax>
    </sun.awt.geom.Order1>
    
    <sun.awt.geom.Order0>
      <direction>1</direction>
      <x>121</x>
      <y>181</y>
    </sun.awt.geom.Order0>
    <sun.awt.geom.Order1>
      <direction>1</direction>
      <x0>121</x0>
      <y0>181</y0>
      <x1>121</x1>
      <y1>211</y1>
      <xmin>121</xmin>
      <xmax>121</xmax>
    </sun.awt.geom.Order1>
    <sun.awt.geom.Order1>
      <direction>-1</direction>
      <x0>151</x0>
      <y0>181</y0>
      <x1>151</x1>
      <y1>211</y1>
      <xmin>151</xmin>
      <xmax>151</xmax>
    </sun.awt.geom.Order1>
    
    <sun.awt.geom.Order0>
      <direction>1</direction>
      <x>161</x>
      <y>181</y>
    </sun.awt.geom.Order0>
    <sun.awt.geom.Order1>
      <direction>1</direction>
      <x0>161</x0>
      <y0>181</y0>
      <x1>161</x1>
      <y1>191</y1>
      <xmin>161</xmin>
      <xmax>161</xmax>
    </sun.awt.geom.Order1>
    <sun.awt.geom.Order1>
      <direction>-1</direction>
      <x0>171</x0>
      <y0>181</y0>
      <x1>171</x1>
      <y1>191</y1>
      <xmin>171</xmin>
      <xmax>171</xmax>
    </sun.awt.geom.Order1>
    
    <sun.awt.geom.Order0>
      <direction>1</direction>
      <x>171</x>
      <y>181</y>
    </sun.awt.geom.Order0>
    <sun.awt.geom.Order1>
      <direction>1</direction>
      <x0>171</x0>
      <y0>181</y0>
      <x1>171</x1>
      <y1>191</y1>
      <xmin>171</xmin>
      <xmax>171</xmax>
    </sun.awt.geom.Order1>
    <sun.awt.geom.Order1>
      <direction>-1</direction>
      <x0>181</x0>
      <y0>181</y0>
      <x1>181</x1>
      <y1>191</y1>
      <xmin>181</xmin>
      <xmax>181</xmax>
    </sun.awt.geom.Order1>
    
    <sun.awt.geom.Order0>
      <direction>1</direction>
      <x>181</x>
      <y>181</y>
    </sun.awt.geom.Order0>
    <sun.awt.geom.Order1>
      <direction>1</direction>
      <x0>181</x0>
      <y0>181</y0>
      <x1>181</x1>
      <y1>191</y1>
      <xmin>181</xmin>
      <xmax>181</xmax>
    </sun.awt.geom.Order1>
    <sun.awt.geom.Order1>
      <direction>-1</direction>
      <x0>191</x0>
      <y0>181</y0>
      <x1>191</x1>
      <y1>191</y1>
      <xmin>191</xmin>
      <xmax>191</xmax>
    </sun.awt.geom.Order1>
    
    <sun.awt.geom.Order0>
      <direction>1</direction>
      <x>1</x>
      <y>191</y>
    </sun.awt.geom.Order0>
    <sun.awt.geom.Order1>
      <direction>1</direction>
      <x0>1</x0>
      <y0>191</y0>
      <x1>1</x1>
      <y1>201</y1>
      <xmin>1</xmin>
      <xmax>1</xmax>
    </sun.awt.geom.Order1>
    <sun.awt.geom.Order1>
      <direction>-1</direction>
      <x0>11</x0>
      <y0>191</y0>
      <x1>11</x1>
      <y1>201</y1>
      <xmin>11</xmin>
      <xmax>11</xmax>
    </sun.awt.geom.Order1>
    
    <sun.awt.geom.Order0>
      <direction>1</direction>
      <x>101</x>
      <y>191</y>
    </sun.awt.geom.Order0>
    <sun.awt.geom.Order1>
      <direction>1</direction>
      <x0>101</x0>
      <y0>191</y0>
      <x1>101</x1>
      <y1>201</y1>
      <xmin>101</xmin>
      <xmax>101</xmax>
    </sun.awt.geom.Order1>
    <sun.awt.geom.Order1>
      <direction>-1</direction>
      <x0>111</x0>
      <y0>191</y0>
      <x1>111</x1>
      <y1>201</y1>
      <xmin>111</xmin>
      <xmax>111</xmax>
    </sun.awt.geom.Order1>
    
    <sun.awt.geom.Order0>
      <direction>1</direction>
      <x>161</x>
      <y>191</y>
    </sun.awt.geom.Order0>
    <sun.awt.geom.Order1>
      <direction>1</direction>
      <x0>161</x0>
      <y0>191</y0>
      <x1>161</x1>
      <y1>201</y1>
      <xmin>161</xmin>
      <xmax>161</xmax>
    </sun.awt.geom.Order1>
    <sun.awt.geom.Order1>
      <direction>-1</direction>
      <x0>171</x0>
      <y0>191</y0>
      <x1>171</x1>
      <y1>201</y1>
      <xmin>171</xmin>
      <xmax>171</xmax>
    </sun.awt.geom.Order1>
    
    <sun.awt.geom.Order0>
      <direction>1</direction>
      <x>181</x>
      <y>191</y>
    </sun.awt.geom.Order0>
    <sun.awt.geom.Order1>
      <direction>1</direction>
      <x0>181</x0>
      <y0>191</y0>
      <x1>181</x1>
      <y1>201</y1>
      <xmin>181</xmin>
      <xmax>181</xmax>
    </sun.awt.geom.Order1>
    <sun.awt.geom.Order1>
      <direction>-1</direction>
      <x0>191</x0>
      <y0>191</y0>
      <x1>191</x1>
      <y1>201</y1>
      <xmin>191</xmin>
      <xmax>191</xmax>
    </sun.awt.geom.Order1>
    
    <sun.awt.geom.Order0>
      <direction>1</direction>
      <x>1</x>
      <y>201</y>
    </sun.awt.geom.Order0>
    <sun.awt.geom.Order1>
      <direction>1</direction>
      <x0>1</x0>
      <y0>201</y0>
      <x1>1</x1>
      <y1>211</y1>
      <xmin>1</xmin>
      <xmax>1</xmax>
    </sun.awt.geom.Order1>
    <sun.awt.geom.Order1>
      <direction>-1</direction>
      <x0>11</x0>
      <y0>201</y0>
      <x1>11</x1>
      <y1>211</y1>
      <xmin>11</xmin>
      <xmax>11</xmax>
    </sun.awt.geom.Order1>
    
    <sun.awt.geom.Order0>
      <direction>1</direction>
      <x>61</x>
      <y>201</y>
    </sun.awt.geom.Order0>
    <sun.awt.geom.Order1>
      <direction>1</direction>
      <x0>61</x0>
      <y0>201</y0>
      <x1>61</x1>
      <y1>231</y1>
      <xmin>61</xmin>
      <xmax>61</xmax>
    </sun.awt.geom.Order1>
    <sun.awt.geom.Order1>
      <direction>-1</direction>
      <x0>91</x0>
      <y0>201</y0>
      <x1>91</x1>
      <y1>231</y1>
      <xmin>91</xmin>
      <xmax>91</xmax>
    </sun.awt.geom.Order1>
    
    <sun.awt.geom.Order0>
      <direction>1</direction>
      <x>91</x>
      <y>201</y>
    </sun.awt.geom.Order0>
    <sun.awt.geom.Order1>
      <direction>1</direction>
      <x0>91</x0>
      <y0>201</y0>
      <x1>91</x1>
      <y1>211</y1>
      <xmin>91</xmin>
      <xmax>91</xmax>
    </sun.awt.geom.Order1>
    <sun.awt.geom.Order1>
      <direction>-1</direction>
      <x0>101</x0>
      <y0>201</y0>
      <x1>101</x1>
      <y1>211</y1>
      <xmin>101</xmin>
      <xmax>101</xmax>
    </sun.awt.geom.Order1>
    
    <sun.awt.geom.Order0>
      <direction>1</direction>
      <x>101</x>
      <y>201</y>
    </sun.awt.geom.Order0>
    <sun.awt.geom.Order1>
      <direction>1</direction>
      <x0>101</x0>
      <y0>201</y0>
      <x1>101</x1>
      <y1>211</y1>
      <xmin>101</xmin>
      <xmax>101</xmax>
    </sun.awt.geom.Order1>
    <sun.awt.geom.Order1>
      <direction>-1</direction>
      <x0>111</x0>
      <y0>201</y0>
      <x1>111</x1>
      <y1>211</y1>
      <xmin>111</xmin>
      <xmax>111</xmax>
    </sun.awt.geom.Order1>
    
    <sun.awt.geom.Order0>
      <direction>1</direction>
      <x>161</x>
      <y>201</y>
    </sun.awt.geom.Order0>
    <sun.awt.geom.Order1>
      <direction>1</direction>
      <x0>161</x0>
      <y0>201</y0>
      <x1>161</x1>
      <y1>211</y1>
      <xmin>161</xmin>
      <xmax>161</xmax>
    </sun.awt.geom.Order1>
    <sun.awt.geom.Order1>
      <direction>-1</direction>
      <x0>171</x0>
      <y0>201</y0>
      <x1>171</x1>
      <y1>211</y1>
      <xmin>171</xmin>
      <xmax>171</xmax>
    </sun.awt.geom.Order1>
    
    <sun.awt.geom.Order0>
      <direction>1</direction>
      <x>181</x>
      <y>201</y>
    </sun.awt.geom.Order0>
    <sun.awt.geom.Order1>
      <direction>1</direction>
      <x0>181</x0>
      <y0>201</y0>
      <x1>181</x1>
      <y1>211</y1>
      <xmin>181</xmin>
      <xmax>181</xmax>
    </sun.awt.geom.Order1>
    <sun.awt.geom.Order1>
      <direction>-1</direction>
      <x0>191</x0>
      <y0>201</y0>
      <x1>191</x1>
      <y1>211</y1>
      <xmin>191</xmin>
      <xmax>191</xmax>
    </sun.awt.geom.Order1>
    
    <sun.awt.geom.Order0>
      <direction>1</direction>
      <x>1</x>
      <y>211</y>
    </sun.awt.geom.Order0>
    <sun.awt.geom.Order1>
      <direction>1</direction>
      <x0>1</x0>
      <y0>211</y0>
      <x1>1</x1>
      <y1>221</y1>
      <xmin>1</xmin>
      <xmax>1</xmax>
    </sun.awt.geom.Order1>
    <sun.awt.geom.Order1>
      <direction>-1</direction>
      <x0>11</x0>
      <y0>211</y0>
      <x1>11</x1>
      <y1>221</y1>
      <xmin>11</xmin>
      <xmax>11</xmax>
    </sun.awt.geom.Order1>
    
    <sun.awt.geom.Order0>
      <direction>1</direction>
      <x>121</x>
      <y>211</y>
    </sun.awt.geom.Order0>
    <sun.awt.geom.Order1>
      <direction>1</direction>
      <x0>121</x0>
      <y0>211</y0>
      <x1>121</x1>
      <y1>221</y1>
      <xmin>121</xmin>
      <xmax>121</xmax>
    </sun.awt.geom.Order1>
    <sun.awt.geom.Order1>
      <direction>-1</direction>
      <x0>131</x0>
      <y0>211</y0>
      <x1>131</x1>
      <y1>221</y1>
      <xmin>131</xmin>
      <xmax>131</xmax>
    </sun.awt.geom.Order1>
    
    <sun.awt.geom.Order0>
      <direction>1</direction>
      <x>181</x>
      <y>211</y>
    </sun.awt.geom.Order0>
    <sun.awt.geom.Order1>
      <direction>1</direction>
      <x0>181</x0>
      <y0>211</y0>
      <x1>181</x1>
      <y1>221</y1>
      <xmin>181</xmin>
      <xmax>181</xmax>
    </sun.awt.geom.Order1>
    <sun.awt.geom.Order1>
      <direction>-1</direction>
      <x0>191</x0>
      <y0>211</y0>
      <x1>191</x1>
      <y1>221</y1>
      <xmin>191</xmin>
      <xmax>191</xmax>
    </sun.awt.geom.Order1>
    
    <sun.awt.geom.Order0>
      <direction>1</direction>
      <x>1</x>
      <y>221</y>
    </sun.awt.geom.Order0>
    <sun.awt.geom.Order1>
      <direction>1</direction>
      <x0>1</x0>
      <y0>221</y0>
      <x1>1</x1>
      <y1>231</y1>
      <xmin>1</xmin>
      <xmax>1</xmax>
    </sun.awt.geom.Order1>
    <sun.awt.geom.Order1>
      <direction>-1</direction>
      <x0>11</x0>
      <y0>221</y0>
      <x1>11</x1>
      <y1>231</y1>
      <xmin>11</xmin>
      <xmax>11</xmax>
    </sun.awt.geom.Order1>
    
    <sun.awt.geom.Order0>
      <direction>1</direction>
      <x>11</x>
      <y>221</y>
    </sun.awt.geom.Order0>
    <sun.awt.geom.Order1>
      <direction>1</direction>
      <x0>11</x0>
      <y0>221</y0>
      <x1>11</x1>
      <y1>231</y1>
      <xmin>11</xmin>
      <xmax>11</xmax>
    </sun.awt.geom.Order1>
    <sun.awt.geom.Order1>
      <direction>-1</direction>
      <x0>21</x0>
      <y0>221</y0>
      <x1>21</x1>
      <y1>231</y1>
      <xmin>21</xmin>
      <xmax>21</xmax>
    </sun.awt.geom.Order1>
    
    <sun.awt.geom.Order0>
      <direction>1</direction>
      <x>21</x>
      <y>221</y>
    </sun.awt.geom.Order0>
    <sun.awt.geom.Order1>
      <direction>1</direction>
      <x0>21</x0>
      <y0>221</y0>
      <x1>21</x1>
      <y1>231</y1>
      <xmin>21</xmin>
      <xmax>21</xmax>
    </sun.awt.geom.Order1>
    <sun.awt.geom.Order1>
      <direction>-1</direction>
      <x0>31</x0>
      <y0>221</y0>
      <x1>31</x1>
      <y1>231</y1>
      <xmin>31</xmin>
      <xmax>31</xmax>
    </sun.awt.geom.Order1>
    
    <sun.awt.geom.Order0>
      <direction>1</direction>
      <x>31</x>
      <y>221</y>
    </sun.awt.geom.Order0>
    <sun.awt.geom.Order1>
      <direction>1</direction>
      <x0>31</x0>
      <y0>221</y0>
      <x1>31</x1>
      <y1>231</y1>
      <xmin>31</xmin>
      <xmax>31</xmax>
    </sun.awt.geom.Order1>
    <sun.awt.geom.Order1>
      <direction>-1</direction>
      <x0>41</x0>
      <y0>221</y0>
      <x1>41</x1>
      <y1>231</y1>
      <xmin>41</xmin>
      <xmax>41</xmax>
    </sun.awt.geom.Order1>
    
    <sun.awt.geom.Order0>
      <direction>1</direction>
      <x>41</x>
      <y>221</y>
    </sun.awt.geom.Order0>
    <sun.awt.geom.Order1>
      <direction>1</direction>
      <x0>41</x0>
      <y0>221</y0>
      <x1>41</x1>
      <y1>231</y1>
      <xmin>41</xmin>
      <xmax>41</xmax>
    </sun.awt.geom.Order1>
    <sun.awt.geom.Order1>
      <direction>-1</direction>
      <x0>51</x0>
      <y0>221</y0>
      <x1>51</x1>
      <y1>231</y1>
      <xmin>51</xmin>
      <xmax>51</xmax>
    </sun.awt.geom.Order1>
    
    <sun.awt.geom.Order0>
      <direction>1</direction>
      <x>51</x>
      <y>221</y>
    </sun.awt.geom.Order0>
    <sun.awt.geom.Order1>
      <direction>1</direction>
      <x0>51</x0>
      <y0>221</y0>
      <x1>51</x1>
      <y1>231</y1>
      <xmin>51</xmin>
      <xmax>51</xmax>
    </sun.awt.geom.Order1>
    <sun.awt.geom.Order1>
      <direction>-1</direction>
      <x0>61</x0>
      <y0>221</y0>
      <x1>61</x1>
      <y1>231</y1>
      <xmin>61</xmin>
      <xmax>61</xmax>
    </sun.awt.geom.Order1>
    
    <sun.awt.geom.Order0>
      <direction>1</direction>
      <x>91</x>
      <y>221</y>
    </sun.awt.geom.Order0>
    <sun.awt.geom.Order1>
      <direction>1</direction>
      <x0>91</x0>
      <y0>221</y0>
      <x1>91</x1>
      <y1>231</y1>
      <xmin>91</xmin>
      <xmax>91</xmax>
    </sun.awt.geom.Order1>
    <sun.awt.geom.Order1>
      <direction>-1</direction>
      <x0>101</x0>
      <y0>221</y0>
      <x1>101</x1>
      <y1>231</y1>
      <xmin>101</xmin>
      <xmax>101</xmax>
    </sun.awt.geom.Order1>
    
    <sun.awt.geom.Order0>
      <direction>1</direction>
      <x>101</x>
      <y>221</y>
    </sun.awt.geom.Order0>
    <sun.awt.geom.Order1>
      <direction>1</direction>
      <x0>101</x0>
      <y0>221</y0>
      <x1>101</x1>
      <y1>231</y1>
      <xmin>101</xmin>
      <xmax>101</xmax>
    </sun.awt.geom.Order1>
    <sun.awt.geom.Order1>
      <direction>-1</direction>
      <x0>111</x0>
      <y0>221</y0>
      <x1>111</x1>
      <y1>231</y1>
      <xmin>111</xmin>
      <xmax>111</xmax>
    </sun.awt.geom.Order1>
    
    <sun.awt.geom.Order0>
      <direction>1</direction>
      <x>111</x>
      <y>221</y>
    </sun.awt.geom.Order0>
    <sun.awt.geom.Order1>
      <direction>1</direction>
      <x0>111</x0>
      <y0>221</y0>
      <x1>111</x1>
      <y1>231</y1>
      <xmin>111</xmin>
      <xmax>111</xmax>
    </sun.awt.geom.Order1>
    <sun.awt.geom.Order1>
      <direction>-1</direction>
      <x0>121</x0>
      <y0>221</y0>
      <x1>121</x1>
      <y1>231</y1>
      <xmin>121</xmin>
      <xmax>121</xmax>
    </sun.awt.geom.Order1>
    
    <sun.awt.geom.Order0>
      <direction>1</direction>
      <x>121</x>
      <y>221</y>
    </sun.awt.geom.Order0>
    <sun.awt.geom.Order1>
      <direction>1</direction>
      <x0>121</x0>
      <y0>221</y0>
      <x1>121</x1>
      <y1>231</y1>
      <xmin>121</xmin>
      <xmax>121</xmax>
    </sun.awt.geom.Order1>
    <sun.awt.geom.Order1>
      <direction>-1</direction>
      <x0>131</x0>
      <y0>221</y0>
      <x1>131</x1>
      <y1>231</y1>
      <xmin>131</xmin>
      <xmax>131</xmax>
    </sun.awt.geom.Order1>
    
    <sun.awt.geom.Order0>
      <direction>1</direction>
      <x>131</x>
      <y>221</y>
    </sun.awt.geom.Order0>
    <sun.awt.geom.Order1>
      <direction>1</direction>
      <x0>131</x0>
      <y0>221</y0>
      <x1>131</x1>
      <y1>231</y1>
      <xmin>131</xmin>
      <xmax>131</xmax>
    </sun.awt.geom.Order1>
    <sun.awt.geom.Order1>
      <direction>-1</direction>
      <x0>141</x0>
      <y0>221</y0>
      <x1>141</x1>
      <y1>231</y1>
      <xmin>141</xmin>
      <xmax>141</xmax>
    </sun.awt.geom.Order1>
    
    <sun.awt.geom.Order0>
      <direction>1</direction>
      <x>141</x>
      <y>221</y>
    </sun.awt.geom.Order0>
    <sun.awt.geom.Order1>
      <direction>1</direction>
      <x0>141</x0>
      <y0>221</y0>
      <x1>141</x1>
      <y1>231</y1>
      <xmin>141</xmin>
      <xmax>141</xmax>
    </sun.awt.geom.Order1>
    <sun.awt.geom.Order1>
      <direction>-1</direction>
      <x0>151</x0>
      <y0>221</y0>
      <x1>151</x1>
      <y1>231</y1>
      <xmin>151</xmin>
      <xmax>151</xmax>
    </sun.awt.geom.Order1>
    
    <sun.awt.geom.Order0>
      <direction>1</direction>
      <x>151</x>
      <y>221</y>
    </sun.awt.geom.Order0>
    <sun.awt.geom.Order1>
      <direction>1</direction>
      <x0>151</x0>
      <y0>221</y0>
      <x1>151</x1>
      <y1>231</y1>
      <xmin>151</xmin>
      <xmax>151</xmax>
    </sun.awt.geom.Order1>
    <sun.awt.geom.Order1>
      <direction>-1</direction>
      <x0>161</x0>
      <y0>221</y0>
      <x1>161</x1>
      <y1>231</y1>
      <xmin>161</xmin>
      <xmax>161</xmax>
    </sun.awt.geom.Order1>
    
    <sun.awt.geom.Order0>
      <direction>1</direction>
      <x>161</x>
      <y>221</y>
    </sun.awt.geom.Order0>
    <sun.awt.geom.Order1>
      <direction>1</direction>
      <x0>161</x0>
      <y0>221</y0>
      <x1>161</x1>
      <y1>231</y1>
      <xmin>161</xmin>
      <xmax>161</xmax>
    </sun.awt.geom.Order1>
    <sun.awt.geom.Order1>
      <direction>-1</direction>
      <x0>171</x0>
      <y0>221</y0>
      <x1>171</x1>
      <y1>231</y1>
      <xmin>171</xmin>
      <xmax>171</xmax>
    </sun.awt.geom.Order1>
    
    <sun.awt.geom.Order0>
      <direction>1</direction>
      <x>171</x>
      <y>221</y>
    </sun.awt.geom.Order0>
    <sun.awt.geom.Order1>
      <direction>1</direction>
      <x0>171</x0>
      <y0>221</y0>
      <x1>171</x1>
      <y1>231</y1>
      <xmin>171</xmin>
      <xmax>171</xmax>
    </sun.awt.geom.Order1>
    <sun.awt.geom.Order1>
      <direction>-1</direction>
      <x0>181</x0>
      <y0>221</y0>
      <x1>181</x1>
      <y1>231</y1>
      <xmin>181</xmin>
      <xmax>181</xmax>
    </sun.awt.geom.Order1>
    
    <sun.awt.geom.Order0>
      <direction>1</direction>
      <x>181</x>
      <y>221</y>
    </sun.awt.geom.Order0>
    <sun.awt.geom.Order1>
      <direction>1</direction>
      <x0>181</x0>
      <y0>221</y0>
      <x1>181</x1>
      <y1>231</y1>
      <xmin>181</xmin>
      <xmax>181</xmax>
    </sun.awt.geom.Order1>
    <sun.awt.geom.Order1>
      <direction>-1</direction>
      <x0>191</x0>
      <y0>221</y0>
      <x1>191</x1>
      <y1>231</y1>
      <xmin>191</xmin>
      <xmax>191</xmax>
    </sun.awt.geom.Order1>
    
    <sun.awt.geom.Order0>
      <direction>1</direction>
      <x>51</x>
      <y>1</y>
    </sun.awt.geom.Order0>
    <sun.awt.geom.Order1>
      <direction>1</direction>
      <x0>51</x0>
      <y0>1</y0>
      <x1>51</x1>
      <y1>11</y1>
      <xmin>51</xmin>
      <xmax>51</xmax>
    </sun.awt.geom.Order1>
    <sun.awt.geom.Order1>
      <direction>-1</direction>
      <x0>61</x0>
      <y0>1</y0>
      <x1>61</x1>
      <y1>11</y1>
      <xmin>61</xmin>
      <xmax>61</xmax>
    </sun.awt.geom.Order1>
    
    <sun.awt.geom.Order0>
      <direction>1</direction>
      <x>61</x>
      <y>1</y>
    </sun.awt.geom.Order0>
    <sun.awt.geom.Order1>
      <direction>1</direction>
      <x0>61</x0>
      <y0>1</y0>
      <x1>61</x1>
      <y1>11</y1>
      <xmin>61</xmin>
      <xmax>61</xmax>
    </sun.awt.geom.Order1>
    <sun.awt.geom.Order1>
      <direction>-1</direction>
      <x0>71</x0>
      <y0>1</y0>
      <x1>71</x1>
      <y1>11</y1>
      <xmin>71</xmin>
      <xmax>71</xmax>
    </sun.awt.geom.Order1>
    
    <sun.awt.geom.Order0>
      <direction>1</direction>
      <x>71</x>
      <y>1</y>
    </sun.awt.geom.Order0>
    <sun.awt.geom.Order1>
      <direction>1</direction>
      <x0>71</x0>
      <y0>1</y0>
      <x1>71</x1>
      <y1>11</y1>
      <xmin>71</xmin>
      <xmax>71</xmax>
    </sun.awt.geom.Order1>
    <sun.awt.geom.Order1>
      <direction>-1</direction>
      <x0>81</x0>
      <y0>1</y0>
      <x1>81</x1>
      <y1>11</y1>
      <xmin>81</xmin>
      <xmax>81</xmax>
    </sun.awt.geom.Order1>
    
    <sun.awt.geom.Order0>
      <direction>1</direction>
      <x>121</x>
      <y>1</y>
    </sun.awt.geom.Order0>
    <sun.awt.geom.Order1>
      <direction>1</direction>
      <x0>121</x0>
      <y0>1</y0>
      <x1>121</x1>
      <y1>11</y1>
      <xmin>121</xmin>
      <xmax>121</xmax>
    </sun.awt.geom.Order1>
    <sun.awt.geom.Order1>
      <direction>-1</direction>
      <x0>131</x0>
      <y0>1</y0>
      <x1>131</x1>
      <y1>11</y1>
      <xmin>131</xmin>
      <xmax>131</xmax>
    </sun.awt.geom.Order1>
    
    <sun.awt.geom.Order0>
      <direction>1</direction>
      <x>131</x>
      <y>1</y>
    </sun.awt.geom.Order0>
    <sun.awt.geom.Order1>
      <direction>1</direction>
      <x0>131</x0>
      <y0>1</y0>
      <x1>131</x1>
      <y1>11</y1>
      <xmin>131</xmin>
      <xmax>131</xmax>
    </sun.awt.geom.Order1>
    <sun.awt.geom.Order1>
      <direction>-1</direction>
      <x0>141</x0>
      <y0>1</y0>
      <x1>141</x1>
      <y1>11</y1>
      <xmin>141</xmin>
      <xmax>141</xmax>
    </sun.awt.geom.Order1>
    
    <sun.awt.geom.Order0>
      <direction>1</direction>
      <x>141</x>
      <y>1</y>
    </sun.awt.geom.Order0>
    <sun.awt.geom.Order1>
      <direction>1</direction>
      <x0>141</x0>
      <y0>1</y0>
      <x1>141</x1>
      <y1>11</y1>
      <xmin>141</xmin>
      <xmax>141</xmax>
    </sun.awt.geom.Order1>
    <sun.awt.geom.Order1>
      <direction>-1</direction>
      <x0>151</x0>
      <y0>1</y0>
      <x1>151</x1>
      <y1>11</y1>
      <xmin>151</xmin>
      <xmax>151</xmax>
    </sun.awt.geom.Order1>
    
    <sun.awt.geom.Order0>
      <direction>1</direction>
      <x>151</x>
      <y>1</y>
    </sun.awt.geom.Order0>
    <sun.awt.geom.Order1>
      <direction>1</direction>
      <x0>151</x0>
      <y0>1</y0>
      <x1>151</x1>
      <y1>11</y1>
      <xmin>151</xmin>
      <xmax>151</xmax>
    </sun.awt.geom.Order1>
    <sun.awt.geom.Order1>
      <direction>-1</direction>
      <x0>161</x0>
      <y0>1</y0>
      <x1>161</x1>
      <y1>11</y1>
      <xmin>161</xmin>
      <xmax>161</xmax>
    </sun.awt.geom.Order1>
    
    <sun.awt.geom.Order0>
      <direction>1</direction>
      <x>61</x>
      <y>21</y>
    </sun.awt.geom.Order0>
    <sun.awt.geom.Order1>
      <direction>1</direction>
      <x0>61</x0>
      <y0>21</y0>
      <x1>61</x1>
      <y1>31</y1>
      <xmin>61</xmin>
      <xmax>61</xmax>
    </sun.awt.geom.Order1>
    <sun.awt.geom.Order1>
      <direction>-1</direction>
      <x0>71</x0>
      <y0>21</y0>
      <x1>71</x1>
      <y1>31</y1>
      <xmin>71</xmin>
      <xmax>71</xmax>
    </sun.awt.geom.Order1>
    
    <sun.awt.geom.Order0>
      <direction>1</direction>
      <x>121</x>
      <y>21</y>
    </sun.awt.geom.Order0>
    <sun.awt.geom.Order1>
      <direction>1</direction>
      <x0>121</x0>
      <y0>21</y0>
      <x1>121</x1>
      <y1>31</y1>
      <xmin>121</xmin>
      <xmax>121</xmax>
    </sun.awt.geom.Order1>
    <sun.awt.geom.Order1>
      <direction>-1</direction>
      <x0>131</x0>
      <y0>21</y0>
      <x1>131</x1>
      <y1>31</y1>
      <xmin>131</xmin>
      <xmax>131</xmax>
    </sun.awt.geom.Order1>
    
    <sun.awt.geom.Order0>
      <direction>1</direction>
      <x>141</x>
      <y>21</y>
    </sun.awt.geom.Order0>
    <sun.awt.geom.Order1>
      <direction>1</direction>
      <x0>141</x0>
      <y0>21</y0>
      <x1>141</x1>
      <y1>31</y1>
      <xmin>141</xmin>
      <xmax>141</xmax>
    </sun.awt.geom.Order1>
    <sun.awt.geom.Order1>
      <direction>-1</direction>
      <x0>151</x0>
      <y0>21</y0>
      <x1>151</x1>
      <y1>31</y1>
      <xmin>151</xmin>
      <xmax>151</xmax>
    </sun.awt.geom.Order1>
    
    <sun.awt.geom.Order0>
      <direction>1</direction>
      <x>151</x>
      <y>21</y>
    </sun.awt.geom.Order0>
    <sun.awt.geom.Order1>
      <direction>1</direction>
      <x0>151</x0>
      <y0>21</y0>
      <x1>151</x1>
      <y1>31</y1>
      <xmin>151</xmin>
      <xmax>151</xmax>
    </sun.awt.geom.Order1>
    <sun.awt.geom.Order1>
      <direction>-1</direction>
      <x0>161</x0>
      <y0>21</y0>
      <x1>161</x1>
      <y1>31</y1>
      <xmin>161</xmin>
      <xmax>161</xmax>
    </sun.awt.geom.Order1>
    
    <sun.awt.geom.Order0>
      <direction>1</direction>
      <x>121</x>
      <y>31</y>
    </sun.awt.geom.Order0>
    <sun.awt.geom.Order1>
      <direction>1</direction>
      <x0>121</x0>
      <y0>31</y0>
      <x1>121</x1>
      <y1>41</y1>
      <xmin>121</xmin>
      <xmax>121</xmax>
    </sun.awt.geom.Order1>
    <sun.awt.geom.Order1>
      <direction>-1</direction>
      <x0>131</x0>
      <y0>31</y0>
      <x1>131</x1>
      <y1>41</y1>
      <xmin>131</xmin>
      <xmax>131</xmax>
    </sun.awt.geom.Order1>
    
    <sun.awt.geom.Order0>
      <direction>1</direction>
      <x>141</x>
      <y>31</y>
    </sun.awt.geom.Order0>
    <sun.awt.geom.Order1>
      <direction>1</direction>
      <x0>141</x0>
      <y0>31</y0>
      <x1>141</x1>
      <y1>41</y1>
      <xmin>141</xmin>
      <xmax>141</xmax>
    </sun.awt.geom.Order1>
    <sun.awt.geom.Order1>
      <direction>-1</direction>
      <x0>151</x0>
      <y0>31</y0>
      <x1>151</x1>
      <y1>41</y1>
      <xmin>151</xmin>
      <xmax>151</xmax>
    </sun.awt.geom.Order1>
    
    <sun.awt.geom.Order0>
      <direction>1</direction>
      <x>121</x>
      <y>41</y>
    </sun.awt.geom.Order0>
    <sun.awt.geom.Order1>
      <direction>1</direction>
      <x0>121</x0>
      <y0>41</y0>
      <x1>121</x1>
      <y1>51</y1>
      <xmin>121</xmin>
      <xmax>121</xmax>
    </sun.awt.geom.Order1>
    <sun.awt.geom.Order1>
      <direction>-1</direction>
      <x0>131</x0>
      <y0>41</y0>
      <x1>131</x1>
      <y1>51</y1>
      <xmin>131</xmin>
      <xmax>131</xmax>
    </sun.awt.geom.Order1>
    
    <sun.awt.geom.Order0>
      <direction>1</direction>
      <x>131</x>
      <y>41</y>
    </sun.awt.geom.Order0>
    <sun.awt.geom.Order1>
      <direction>1</direction>
      <x0>131</x0>
      <y0>41</y0>
      <x1>131</x1>
      <y1>51</y1>
      <xmin>131</xmin>
      <xmax>131</xmax>
    </sun.awt.geom.Order1>
    <sun.awt.geom.Order1>
      <direction>-1</direction>
      <x0>141</x0>
      <y0>41</y0>
      <x1>141</x1>
      <y1>51</y1>
      <xmin>141</xmin>
      <xmax>141</xmax>
    </sun.awt.geom.Order1>
    
    <sun.awt.geom.Order0>
      <direction>1</direction>
      <x>141</x>
      <y>41</y>
    </sun.awt.geom.Order0>
    <sun.awt.geom.Order1>
      <direction>1</direction>
      <x0>141</x0>
      <y0>41</y0>
      <x1>141</x1>
      <y1>51</y1>
      <xmin>141</xmin>
      <xmax>141</xmax>
    </sun.awt.geom.Order1>
    <sun.awt.geom.Order1>
      <direction>-1</direction>
      <x0>151</x0>
      <y0>41</y0>
      <x1>151</x1>
      <y1>51</y1>
      <xmin>151</xmin>
      <xmax>151</xmax>
    </sun.awt.geom.Order1>
    
    <sun.awt.geom.Order0>
      <direction>1</direction>
      <x>151</x>
      <y>41</y>
    </sun.awt.geom.Order0>
    <sun.awt.geom.Order1>
      <direction>1</direction>
      <x0>151</x0>
      <y0>41</y0>
      <x1>151</x1>
      <y1>51</y1>
      <xmin>151</xmin>
      <xmax>151</xmax>
    </sun.awt.geom.Order1>
    <sun.awt.geom.Order1>
      <direction>-1</direction>
      <x0>161</x0>
      <y0>41</y0>
      <x1>161</x1>
      <y1>51</y1>
      <xmin>161</xmin>
      <xmax>161</xmax>
    </sun.awt.geom.Order1>
    
    <sun.awt.geom.Order0>
      <direction>1</direction>
      <x>21</x>
      <y>51</y>
    </sun.awt.geom.Order0>
    <sun.awt.geom.Order1>
      <direction>1</direction>
      <x0>21</x0>
      <y0>51</y0>
      <x1>21</x1>
      <y1>61</y1>
      <xmin>21</xmin>
      <xmax>21</xmax>
    </sun.awt.geom.Order1>
    <sun.awt.geom.Order1>
      <direction>-1</direction>
      <x0>31</x0>
      <y0>51</y0>
      <x1>31</x1>
      <y1>61</y1>
      <xmin>31</xmin>
      <xmax>31</xmax>
    </sun.awt.geom.Order1>
    
    <sun.awt.geom.Order0>
      <direction>1</direction>
      <x>121</x>
      <y>51</y>
    </sun.awt.geom.Order0>
    <sun.awt.geom.Order1>
      <direction>1</direction>
      <x0>121</x0>
      <y0>51</y0>
      <x1>121</x1>
      <y1>61</y1>
      <xmin>121</xmin>
      <xmax>121</xmax>
    </sun.awt.geom.Order1>
    <sun.awt.geom.Order1>
      <direction>-1</direction>
      <x0>131</x0>
      <y0>51</y0>
      <x1>131</x1>
      <y1>61</y1>
      <xmin>131</xmin>
      <xmax>131</xmax>
    </sun.awt.geom.Order1>
    
    <sun.awt.geom.Order0>
      <direction>1</direction>
      <x>21</x>
      <y>61</y>
    </sun.awt.geom.Order0>
    <sun.awt.geom.Order1>
      <direction>1</direction>
      <x0>21</x0>
      <y0>61</y0>
      <x1>21</x1>
      <y1>71</y1>
      <xmin>21</xmin>
      <xmax>21</xmax>
    </sun.awt.geom.Order1>
    <sun.awt.geom.Order1>
      <direction>-1</direction>
      <x0>31</x0>
      <y0>61</y0>
      <x1>31</x1>
      <y1>71</y1>
      <xmin>31</xmin>
      <xmax>31</xmax>
    </sun.awt.geom.Order1>
    
    <sun.awt.geom.Order0>
      <direction>1</direction>
      <x>121</x>
      <y>61</y>
    </sun.awt.geom.Order0>
    <sun.awt.geom.Order1>
      <direction>1</direction>
      <x0>121</x0>
      <y0>61</y0>
      <x1>121</x1>
      <y1>71</y1>
      <xmin>121</xmin>
      <xmax>121</xmax>
    </sun.awt.geom.Order1>
    <sun.awt.geom.Order1>
      <direction>-1</direction>
      <x0>131</x0>
      <y0>61</y0>
      <x1>131</x1>
      <y1>71</y1>
      <xmin>131</xmin>
      <xmax>131</xmax>
    </sun.awt.geom.Order1>
    
    <sun.awt.geom.Order0>
      <direction>1</direction>
      <x>61</x>
      <y>71</y>
    </sun.awt.geom.Order0>
    <sun.awt.geom.Order1>
      <direction>1</direction>
      <x0>61</x0>
      <y0>71</y0>
      <x1>61</x1>
      <y1>81</y1>
      <xmin>61</xmin>
      <xmax>61</xmax>
    </sun.awt.geom.Order1>
    <sun.awt.geom.Order1>
      <direction>-1</direction>
      <x0>71</x0>
      <y0>71</y0>
      <x1>71</x1>
      <y1>81</y1>
      <xmin>71</xmin>
      <xmax>71</xmax>
    </sun.awt.geom.Order1>
    
    <sun.awt.geom.Order0>
      <direction>1</direction>
      <x>121</x>
      <y>71</y>
    </sun.awt.geom.Order0>
    <sun.awt.geom.Order1>
      <direction>1</direction>
      <x0>121</x0>
      <y0>71</y0>
      <x1>121</x1>
      <y1>81</y1>
      <xmin>121</xmin>
      <xmax>121</xmax>
    </sun.awt.geom.Order1>
    <sun.awt.geom.Order1>
      <direction>-1</direction>
      <x0>131</x0>
      <y0>71</y0>
      <x1>131</x1>
      <y1>81</y1>
      <xmin>131</xmin>
      <xmax>131</xmax>
    </sun.awt.geom.Order1>
    
    <sun.awt.geom.Order0>
      <direction>1</direction>
      <x>141</x>
      <y>71</y>
    </sun.awt.geom.Order0>
    <sun.awt.geom.Order1>
      <direction>1</direction>
      <x0>141</x0>
      <y0>71</y0>
      <x1>141</x1>
      <y1>81</y1>
      <xmin>141</xmin>
      <xmax>141</xmax>
    </sun.awt.geom.Order1>
    <sun.awt.geom.Order1>
      <direction>-1</direction>
      <x0>151</x0>
      <y0>71</y0>
      <x1>151</x1>
      <y1>81</y1>
      <xmin>151</xmin>
      <xmax>151</xmax>
    </sun.awt.geom.Order1>
    
    <sun.awt.geom.Order0>
      <direction>1</direction>
      <x>61</x>
      <y>81</y>
    </sun.awt.geom.Order0>
    <sun.awt.geom.Order1>
      <direction>1</direction>
      <x0>61</x0>
      <y0>81</y0>
      <x1>61</x1>
      <y1>91</y1>
      <xmin>61</xmin>
      <xmax>61</xmax>
    </sun.awt.geom.Order1>
    <sun.awt.geom.Order1>
      <direction>-1</direction>
      <x0>71</x0>
      <y0>81</y0>
      <x1>71</x1>
      <y1>91</y1>
      <xmin>71</xmin>
      <xmax>71</xmax>
    </sun.awt.geom.Order1>
    
    <sun.awt.geom.Order0>
      <direction>1</direction>
      <x>71</x>
      <y>81</y>
    </sun.awt.geom.Order0>
    <sun.awt.geom.Order1>
      <direction>1</direction>
      <x0>71</x0>
      <y0>81</y0>
      <x1>71</x1>
      <y1>91</y1>
      <xmin>71</xmin>
      <xmax>71</xmax>
    </sun.awt.geom.Order1>
    <sun.awt.geom.Order1>
      <direction>-1</direction>
      <x0>81</x0>
      <y0>81</y0>
      <x1>81</x1>
      <y1>91</y1>
      <xmin>81</xmin>
      <xmax>81</xmax>
    </sun.awt.geom.Order1>
    
    <sun.awt.geom.Order0>
      <direction>1</direction>
      <x>121</x>
      <y>81</y>
    </sun.awt.geom.Order0>
    <sun.awt.geom.Order1>
      <direction>1</direction>
      <x0>121</x0>
      <y0>81</y0>
      <x1>121</x1>
      <y1>91</y1>
      <xmin>121</xmin>
      <xmax>121</xmax>
    </sun.awt.geom.Order1>
    <sun.awt.geom.Order1>
      <direction>-1</direction>
      <x0>131</x0>
      <y0>81</y0>
      <x1>131</x1>
      <y1>91</y1>
      <xmin>131</xmin>
      <xmax>131</xmax>
    </sun.awt.geom.Order1>
    
    <sun.awt.geom.Order0>
      <direction>1</direction>
      <x>21</x>
      <y>91</y>
    </sun.awt.geom.Order0>
    <sun.awt.geom.Order1>
      <direction>1</direction>
      <x0>21</x0>
      <y0>91</y0>
      <x1>21</x1>
      <y1>101</y1>
      <xmin>21</xmin>
      <xmax>21</xmax>
    </sun.awt.geom.Order1>
    <sun.awt.geom.Order1>
      <direction>-1</direction>
      <x0>31</x0>
      <y0>91</y0>
      <x1>31</x1>
      <y1>101</y1>
      <xmin>31</xmin>
      <xmax>31</xmax>
    </sun.awt.geom.Order1>
    
    <sun.awt.geom.Order0>
      <direction>1</direction>
      <x>121</x>
      <y>91</y>
    </sun.awt.geom.Order0>
    <sun.awt.geom.Order1>
      <direction>1</direction>
      <x0>121</x0>
      <y0>91</y0>
      <x1>121</x1>
      <y1>101</y1>
      <xmin>121</xmin>
      <xmax>121</xmax>
    </sun.awt.geom.Order1>
    <sun.awt.geom.Order1>
      <direction>-1</direction>
      <x0>131</x0>
      <y0>91</y0>
      <x1>131</x1>
      <y1>101</y1>
      <xmin>131</xmin>
      <xmax>131</xmax>
    </sun.awt.geom.Order1>
    
    <sun.awt.geom.Order0>
      <direction>1</direction>
      <x>61</x>
      <y>101</y>
    </sun.awt.geom.Order0>
    <sun.awt.geom.Order1>
      <direction>1</direction>
      <x0>61</x0>
      <y0>101</y0>
      <x1>61</x1>
      <y1>111</y1>
      <xmin>61</xmin>
      <xmax>61</xmax>
    </sun.awt.geom.Order1>
    <sun.awt.geom.Order1>
      <direction>-1</direction>
      <x0>71</x0>
      <y0>101</y0>
      <x1>71</x1>
      <y1>111</y1>
      <xmin>71</xmin>
      <xmax>71</xmax>
    </sun.awt.geom.Order1>
    
    <sun.awt.geom.Order0>
      <direction>1</direction>
      <x>21</x>
      <y>121</y>
    </sun.awt.geom.Order0>
    <sun.awt.geom.Order1>
      <direction>1</direction>
      <x0>21</x0>
      <y0>121</y0>
      <x1>21</x1>
      <y1>131</y1>
      <xmin>21</xmin>
      <xmax>21</xmax>
    </sun.awt.geom.Order1>
    <sun.awt.geom.Order1>
      <direction>-1</direction>
      <x0>31</x0>
      <y0>121</y0>
      <x1>31</x1>
      <y1>131</y1>
      <xmin>31</xmin>
      <xmax>31</xmax>
    </sun.awt.geom.Order1>
    
    <sun.awt.geom.Order0>
      <direction>1</direction>
      <x>31</x>
      <y>121</y>
    </sun.awt.geom.Order0>
    <sun.awt.geom.Order1>
      <direction>1</direction>
      <x0>31</x0>
      <y0>121</y0>
      <x1>31</x1>
      <y1>131</y1>
      <xmin>31</xmin>
      <xmax>31</xmax>
    </sun.awt.geom.Order1>
    <sun.awt.geom.Order1>
      <direction>-1</direction>
      <x0>41</x0>
      <y0>121</y0>
      <x1>41</x1>
      <y1>131</y1>
      <xmin>41</xmin>
      <xmax>41</xmax>
    </sun.awt.geom.Order1>
    
    <sun.awt.geom.Order0>
      <direction>1</direction>
      <x>61</x>
      <y>121</y>
    </sun.awt.geom.Order0>
    <sun.awt.geom.Order1>
      <direction>1</direction>
      <x0>61</x0>
      <y0>121</y0>
      <x1>61</x1>
      <y1>131</y1>
      <xmin>61</xmin>
      <xmax>61</xmax>
    </sun.awt.geom.Order1>
    <sun.awt.geom.Order1>
      <direction>-1</direction>
      <x0>71</x0>
      <y0>121</y0>
      <x1>71</x1>
      <y1>131</y1>
      <xmin>71</xmin>
      <xmax>71</xmax>
    </sun.awt.geom.Order1>
    
    <sun.awt.geom.Order0>
      <direction>1</direction>
      <x>71</x>
      <y>121</y>
    </sun.awt.geom.Order0>
    <sun.awt.geom.Order1>
      <direction>1</direction>
      <x0>71</x0>
      <y0>121</y0>
      <x1>71</x1>
      <y1>131</y1>
      <xmin>71</xmin>
      <xmax>71</xmax>
    </sun.awt.geom.Order1>
    <sun.awt.geom.Order1>
      <direction>-1</direction>
      <x0>81</x0>
      <y0>121</y0>
      <x1>81</x1>
      <y1>131</y1>
      <xmin>81</xmin>
      <xmax>81</xmax>
    </sun.awt.geom.Order1>
    
    <sun.awt.geom.Order0>
      <direction>1</direction>
      <x>151</x>
      <y>121</y>
    </sun.awt.geom.Order0>
    <sun.awt.geom.Order1>
      <direction>1</direction>
      <x0>151</x0>
      <y0>121</y0>
      <x1>151</x1>
      <y1>131</y1>
      <xmin>151</xmin>
      <xmax>151</xmax>
    </sun.awt.geom.Order1>
    <sun.awt.geom.Order1>
      <direction>-1</direction>
      <x0>161</x0>
      <y0>121</y0>
      <x1>161</x1>
      <y1>131</y1>
      <xmin>161</xmin>
      <xmax>161</xmax>
    </sun.awt.geom.Order1>
    
    <sun.awt.geom.Order0>
      <direction>1</direction>
      <x>21</x>
      <y>131</y>
    </sun.awt.geom.Order0>
    <sun.awt.geom.Order1>
      <direction>1</direction>
      <x0>21</x0>
      <y0>131</y0>
      <x1>21</x1>
      <y1>141</y1>
      <xmin>21</xmin>
      <xmax>21</xmax>
    </sun.awt.geom.Order1>
    <sun.awt.geom.Order1>
      <direction>-1</direction>
      <x0>31</x0>
      <y0>131</y0>
      <x1>31</x1>
      <y1>141</y1>
      <xmin>31</xmin>
      <xmax>31</xmax>
    </sun.awt.geom.Order1>
    
    <sun.awt.geom.Order0>
      <direction>1</direction>
      <x>121</x>
      <y>131</y>
    </sun.awt.geom.Order0>
    <sun.awt.geom.Order1>
      <direction>1</direction>
      <x0>121</x0>
      <y0>131</y0>
      <x1>121</x1>
      <y1>141</y1>
      <xmin>121</xmin>
      <xmax>121</xmax>
    </sun.awt.geom.Order1>
    <sun.awt.geom.Order1>
      <direction>-1</direction>
      <x0>131</x0>
      <y0>131</y0>
      <x1>131</x1>
      <y1>141</y1>
      <xmin>131</xmin>
      <xmax>131</xmax>
    </sun.awt.geom.Order1>
    
    <sun.awt.geom.Order0>
      <direction>1</direction>
      <x>21</x>
      <y>141</y>
    </sun.awt.geom.Order0>
    <sun.awt.geom.Order1>
      <direction>1</direction>
      <x0>21</x0>
      <y0>141</y0>
      <x1>21</x1>
      <y1>151</y1>
      <xmin>21</xmin>
      <xmax>21</xmax>
    </sun.awt.geom.Order1>
    <sun.awt.geom.Order1>
      <direction>-1</direction>
      <x0>31</x0>
      <y0>141</y0>
      <x1>31</x1>
      <y1>151</y1>
      <xmin>31</xmin>
      <xmax>31</xmax>
    </sun.awt.geom.Order1>
    
    <sun.awt.geom.Order0>
      <direction>1</direction>
      <x>121</x>
      <y>141</y>
    </sun.awt.geom.Order0>
    <sun.awt.geom.Order1>
      <direction>1</direction>
      <x0>121</x0>
      <y0>141</y0>
      <x1>121</x1>
      <y1>151</y1>
      <xmin>121</xmin>
      <xmax>121</xmax>
    </sun.awt.geom.Order1>
    <sun.awt.geom.Order1>
      <direction>-1</direction>
      <x0>131</x0>
      <y0>141</y0>
      <x1>131</x1>
      <y1>151</y1>
      <xmin>131</xmin>
      <xmax>131</xmax>
    </sun.awt.geom.Order1>
    
    <sun.awt.geom.Order0>
      <direction>1</direction>
      <x>21</x>
      <y>151</y>
    </sun.awt.geom.Order0>
    <sun.awt.geom.Order1>
      <direction>1</direction>
      <x0>21</x0>
      <y0>151</y0>
      <x1>21</x1>
      <y1>161</y1>
      <xmin>21</xmin>
      <xmax>21</xmax>
    </sun.awt.geom.Order1>
    <sun.awt.geom.Order1>
      <direction>-1</direction>
      <x0>31</x0>
      <y0>151</y0>
      <x1>31</x1>
      <y1>161</y1>
      <xmin>31</xmin>
      <xmax>31</xmax>
    </sun.awt.geom.Order1>
    
    <sun.awt.geom.Order0>
      <direction>1</direction>
      <x>121</x>
      <y>151</y>
    </sun.awt.geom.Order0>
    <sun.awt.geom.Order1>
      <direction>1</direction>
      <x0>121</x0>
      <y0>151</y0>
      <x1>121</x1>
      <y1>161</y1>
      <xmin>121</xmin>
      <xmax>121</xmax>
    </sun.awt.geom.Order1>
    <sun.awt.geom.Order1>
      <direction>-1</direction>
      <x0>131</x0>
      <y0>151</y0>
      <x1>131</x1>
      <y1>161</y1>
      <xmin>131</xmin>
      <xmax>131</xmax>
    </sun.awt.geom.Order1>
    
    <sun.awt.geom.Order0>
      <direction>1</direction>
      <x>21</x>
      <y>161</y>
    </sun.awt.geom.Order0>
    <sun.awt.geom.Order1>
      <direction>1</direction>
      <x0>21</x0>
      <y0>161</y0>
      <x1>21</x1>
      <y1>171</y1>
      <xmin>21</xmin>
      <xmax>21</xmax>
    </sun.awt.geom.Order1>
    <sun.awt.geom.Order1>
      <direction>-1</direction>
      <x0>31</x0>
      <y0>161</y0>
      <x1>31</x1>
      <y1>171</y1>
      <xmin>31</xmin>
      <xmax>31</xmax>
    </sun.awt.geom.Order1>
    
    <sun.awt.geom.Order0>
      <direction>1</direction>
      <x>31</x>
      <y>161</y>
    </sun.awt.geom.Order0>
    <sun.awt.geom.Order1>
      <direction>1</direction>
      <x0>31</x0>
      <y0>161</y0>
      <x1>31</x1>
      <y1>171</y1>
      <xmin>31</xmin>
      <xmax>31</xmax>
    </sun.awt.geom.Order1>
    <sun.awt.geom.Order1>
      <direction>-1</direction>
      <x0>41</x0>
      <y0>161</y0>
      <x1>41</x1>
      <y1>171</y1>
      <xmin>41</xmin>
      <xmax>41</xmax>
    </sun.awt.geom.Order1>
    
    <sun.awt.geom.Order0>
      <direction>1</direction>
      <x>61</x>
      <y>161</y>
    </sun.awt.geom.Order0>
    <sun.awt.geom.Order1>
      <direction>1</direction>
      <x0>61</x0>
      <y0>161</y0>
      <x1>61</x1>
      <y1>171</y1>
      <xmin>61</xmin>
      <xmax>61</xmax>
    </sun.awt.geom.Order1>
    <sun.awt.geom.Order1>
      <direction>-1</direction>
      <x0>71</x0>
      <y0>161</y0>
      <x1>71</x1>
      <y1>171</y1>
      <xmin>71</xmin>
      <xmax>71</xmax>
    </sun.awt.geom.Order1>
    
    <sun.awt.geom.Order0>
      <direction>1</direction>
      <x>71</x>
      <y>161</y>
    </sun.awt.geom.Order0>
    <sun.awt.geom.Order1>
      <direction>1</direction>
      <x0>71</x0>
      <y0>161</y0>
      <x1>71</x1>
      <y1>171</y1>
      <xmin>71</xmin>
      <xmax>71</xmax>
    </sun.awt.geom.Order1>
    <sun.awt.geom.Order1>
      <direction>-1</direction>
      <x0>81</x0>
      <y0>161</y0>
      <x1>81</x1>
      <y1>171</y1>
      <xmin>81</xmin>
      <xmax>81</xmax>
    </sun.awt.geom.Order1>
    
    <sun.awt.geom.Order0>
      <direction>1</direction>
      <x>121</x>
      <y>161</y>
    </sun.awt.geom.Order0>
    <sun.awt.geom.Order1>
      <direction>1</direction>
      <x0>121</x0>
      <y0>161</y0>
      <x1>121</x1>
      <y1>171</y1>
      <xmin>121</xmin>
      <xmax>121</xmax>
    </sun.awt.geom.Order1>
    <sun.awt.geom.Order1>
      <direction>-1</direction>
      <x0>131</x0>
      <y0>161</y0>
      <x1>131</x1>
      <y1>171</y1>
      <xmin>131</xmin>
      <xmax>131</xmax>
    </sun.awt.geom.Order1>
    
    <sun.awt.geom.Order0>
      <direction>1</direction>
      <x>61</x>
      <y>171</y>
    </sun.awt.geom.Order0>
    <sun.awt.geom.Order1>
      <direction>1</direction>
      <x0>61</x0>
      <y0>171</y0>
      <x1>61</x1>
      <y1>181</y1>
      <xmin>61</xmin>
      <xmax>61</xmax>
    </sun.awt.geom.Order1>
    <sun.awt.geom.Order1>
      <direction>-1</direction>
      <x0>71</x0>
      <y0>171</y0>
      <x1>71</x1>
      <y1>181</y1>
      <xmin>71</xmin>
      <xmax>71</xmax>
    </sun.awt.geom.Order1>
    
    <sun.awt.geom.Order0>
      <direction>1</direction>
      <x>61</x>
      <y>181</y>
    </sun.awt.geom.Order0>
    <sun.awt.geom.Order1>
      <direction>1</direction>
      <x0>61</x0>
      <y0>181</y0>
      <x1>61</x1>
      <y1>191</y1>
      <xmin>61</xmin>
      <xmax>61</xmax>
    </sun.awt.geom.Order1>
    <sun.awt.geom.Order1>
      <direction>-1</direction>
      <x0>71</x0>
      <y0>181</y0>
      <x1>71</x1>
      <y1>191</y1>
      <xmin>71</xmin>
      <xmax>71</xmax>
    </sun.awt.geom.Order1>
    
    <sun.awt.geom.Order0>
      <direction>1</direction>
      <x>61</x>
      <y>191</y>
    </sun.awt.geom.Order0>
    <sun.awt.geom.Order1>
      <direction>1</direction>
      <x0>61</x0>
      <y0>191</y0>
      <x1>61</x1>
      <y1>201</y1>
      <xmin>61</xmin>
      <xmax>61</xmax>
    </sun.awt.geom.Order1>
    <sun.awt.geom.Order1>
      <direction>-1</direction>
      <x0>71</x0>
      <y0>191</y0>
      <x1>71</x1>
      <y1>201</y1>
      <xmin>71</xmin>
      <xmax>71</xmax>
    </sun.awt.geom.Order1>
    
    </curves>
    </topology>
    <backgroundPaint class="net.rptools.maptool.model.drawing.DrawableColorPaint">
      <color>-16777216</color>
    </backgroundPaint>
    <mapAsset>
      <id>0f09f992214cd7ee26381b861080701c</id>
    </mapAsset>
    <boardPosition>
      <x>0</x>
      <y>0</y>
    </boardPosition>
    <drawBoard>true</drawBoard>
    <boardChanged>false</boardChanged>
    <name>BasicMap</name>
    <isVisible>true</isVisible>
    <visionType>OFF</visionType>
    <tokenSelection>ALL</tokenSelection>
    <height>0</height>
    <width>0</width>
  </zone>
  <assetMap>
    <entry>
      <net.rptools.lib.MD5Key reference="../../../zone/mapAsset"/>
      <null/>
    </entry>
  </assetMap>
</net.rptools.maptool.util.PersistenceUtil_-PersistedMap>